-740.000E-06,-25.896993E-03,+17.839074E-03
-737.000E-06,-25.896993E-03,+17.839074E-03
-734.000E-06,-15.846741E-03,+17.839074E-03
-731.000E-06,-25.896993E-03,+47.989828E-03
-728.000E-06,-25.896993E-03,+17.839074E-03
-725.000E-06,-5.796490E-03,+17.839074E-03
-722.000E-06,-25.896993E-03,-57.537809E-03
-719.000E-06,-25.896993E-03,-32.412182E-03
-716.000E-06,-18.359304E-03,-62.562935E-03
-713.000E-06,+4.253761E-03,-42.462433E-03
-710.000E-06,-13.334179E-03,+17.839074E-03
-707.000E-06,-25.896993E-03,+17.839074E-03
-704.000E-06,-25.896993E-03,-17.336805E-03
-701.000E-06,+9.278886E-03,+12.813949E-03
-698.000E-06,-13.334179E-03,+17.839074E-03
-695.000E-06,+1.741198E-03,-37.437307E-03
-692.000E-06,-20.871867E-03,+7.788823E-03
-689.000E-06,+14.304012E-03,+17.839074E-03
-686.000E-06,+11.791449E-03,-57.537809E-03
-683.000E-06,-25.896993E-03,-27.387056E-03
-680.000E-06,-25.896993E-03,+17.839074E-03
-677.000E-06,-15.846741E-03,-2.261428E-03
-674.000E-06,+1.741198E-03,-37.437307E-03
-671.000E-06,+9.278886E-03,+17.839074E-03
-668.000E-06,+14.304012E-03,-17.336805E-03
-665.000E-06,+11.791449E-03,+17.839074E-03
-662.000E-06,-25.896993E-03,+17.839074E-03
-659.000E-06,+4.253761E-03,-42.462433E-03
-656.000E-06,+14.304012E-03,-62.562935E-03
-653.000E-06,-25.896993E-03,+17.839074E-03
-650.000E-06,-25.896993E-03,+17.839074E-03
-647.000E-06,-5.796490E-03,-22.361930E-03
-644.000E-06,-25.896993E-03,-52.512684E-03
-641.000E-06,-771.365E-06,+47.989828E-03
-638.000E-06,-25.896993E-03,+37.939576E-03
-635.000E-06,-25.896993E-03,-47.487558E-03
-632.000E-06,-25.896993E-03,-62.562935E-03
-629.000E-06,-25.896993E-03,+17.839074E-03
-626.000E-06,-3.283927E-03,+17.839074E-03
-623.000E-06,+6.766324E-03,+17.839074E-03
-620.000E-06,+14.304012E-03,+17.839074E-03
-617.000E-06,+14.304012E-03,-2.261428E-03
-614.000E-06,+9.278886E-03,+17.839074E-03
-611.000E-06,-5.796490E-03,-17.336805E-03
-608.000E-06,+11.791449E-03,+17.839074E-03
-605.000E-06,-25.896993E-03,-27.387056E-03
-602.000E-06,+14.304012E-03,+17.839074E-03
-599.000E-06,-25.896993E-03,+2.763697E-03
-596.000E-06,+14.304012E-03,-7.286554E-03
-593.000E-06,+9.278886E-03,-52.512684E-03
-590.000E-06,-25.896993E-03,-62.562935E-03
-587.000E-06,-23.384430E-03,-62.562935E-03
-584.000E-06,-771.365E-06,+17.839074E-03
-581.000E-06,+14.304012E-03,-42.462433E-03
-578.000E-06,+6.766324E-03,+17.839074E-03
-575.000E-06,-25.896993E-03,+17.839074E-03
-572.000E-06,+11.791449E-03,-62.562935E-03
-569.000E-06,+14.304012E-03,+17.839074E-03
-566.000E-06,-25.896993E-03,-47.487558E-03
-563.000E-06,-15.846741E-03,-62.562935E-03
-560.000E-06,+14.304012E-03,+17.839074E-03
-557.000E-06,+14.304012E-03,+7.788823E-03
-554.000E-06,-5.796490E-03,+17.839074E-03
-551.000E-06,-25.896993E-03,+17.839074E-03
-548.000E-06,-25.896993E-03,+17.839074E-03
-545.000E-06,-25.896993E-03,+88.190832E-03
-542.000E-06,+4.253761E-03,-42.462433E-03
-539.000E-06,-13.334179E-03,-7.286554E-03
-536.000E-06,+9.278886E-03,+12.813949E-03
-533.000E-06,+14.304012E-03,-17.336805E-03
-530.000E-06,-25.896993E-03,-47.487558E-03
-527.000E-06,+14.304012E-03,+17.839074E-03
-524.000E-06,+4.253761E-03,-42.462433E-03
-521.000E-06,-18.359304E-03,+2.763697E-03
-518.000E-06,+14.304012E-03,+17.839074E-03
-515.000E-06,+14.304012E-03,+17.839074E-03
-512.000E-06,-5.796490E-03,+17.839074E-03
-509.000E-06,+14.304012E-03,+17.839074E-03
-506.000E-06,-15.846741E-03,+17.839074E-03
-503.000E-06,-15.846741E-03,+17.839074E-03
-500.000E-06,+14.304012E-03,+7.788823E-03
-497.000E-06,-25.896993E-03,-17.336805E-03
-494.000E-06,-25.896993E-03,+17.839074E-03
-491.000E-06,-10.821616E-03,-12.311679E-03
-488.000E-06,+14.304012E-03,+17.839074E-03
-485.000E-06,+4.253761E-03,+2.763697E-03
-482.000E-06,-771.365E-06,+17.839074E-03
-479.000E-06,-23.384430E-03,+17.839074E-03
-476.000E-06,-5.796490E-03,+17.839074E-03
-473.000E-06,-25.896993E-03,+12.813949E-03
-470.000E-06,-13.334179E-03,-7.286554E-03
-467.000E-06,+4.253761E-03,-62.562935E-03
-464.000E-06,-18.359304E-03,+2.763697E-03
-461.000E-06,-10.821616E-03,+17.839074E-03
-458.000E-06,+11.791449E-03,+17.839074E-03
-455.000E-06,-5.796490E-03,+17.839074E-03
-452.000E-06,-25.896993E-03,+12.813949E-03
-449.000E-06,-15.846741E-03,+17.839074E-03
-446.000E-06,-15.846741E-03,-2.261428E-03
-443.000E-06,+6.766324E-03,+17.839074E-03
-440.000E-06,-25.896993E-03,+53.014953E-03
-437.000E-06,-25.896993E-03,+17.839074E-03
-434.000E-06,+14.304012E-03,+17.839074E-03
-431.000E-06,-20.871867E-03,+7.788823E-03
-428.000E-06,-15.846741E-03,+17.839074E-03
-425.000E-06,-13.334179E-03,+17.839074E-03
-422.000E-06,-23.384430E-03,+17.839074E-03
-419.000E-06,-25.896993E-03,+17.839074E-03
-416.000E-06,+11.791449E-03,+17.839074E-03
-413.000E-06,+14.304012E-03,-32.412182E-03
-410.000E-06,-18.359304E-03,-42.462433E-03
-407.000E-06,+14.304012E-03,+17.839074E-03
-404.000E-06,-771.365E-06,+17.839074E-03
-401.000E-06,-25.896993E-03,-62.562935E-03
-398.000E-06,-8.309053E-03,+17.839074E-03
-395.000E-06,+14.304012E-03,+12.813949E-03
-392.000E-06,+1.741198E-03,-37.437307E-03
-389.000E-06,-15.846741E-03,+78.140581E-03
-386.000E-06,-20.871867E-03,+7.788823E-03
-383.000E-06,-25.896993E-03,-12.311679E-03
-380.000E-06,-25.896993E-03,+17.839074E-03
-377.000E-06,-25.896993E-03,+17.839074E-03
-374.000E-06,+14.304012E-03,-47.487558E-03
-371.000E-06,+14.304012E-03,+58.040079E-03
-368.000E-06,-771.365E-06,-32.412182E-03
-365.000E-06,-25.896993E-03,+17.839074E-03
-362.000E-06,+14.304012E-03,+17.839074E-03
-359.000E-06,+11.791449E-03,-57.537809E-03
-356.000E-06,-13.334179E-03,-7.286554E-03
-353.000E-06,-18.359304E-03,+2.763697E-03
-350.000E-06,-25.896993E-03,+17.839074E-03
-347.000E-06,-25.896993E-03,+73.115455E-03
-344.000E-06,-25.896993E-03,+22.864200E-03
-341.000E-06,-25.896993E-03,-22.361930E-03
-338.000E-06,-23.384430E-03,+17.839074E-03
-335.000E-06,-25.896993E-03,+17.839074E-03
-332.000E-06,+14.304012E-03,-2.261428E-03
-329.000E-06,+14.304012E-03,+17.839074E-03
-326.000E-06,-25.896993E-03,-27.387056E-03
-323.000E-06,-25.896993E-03,+17.839074E-03
-320.000E-06,-3.283927E-03,-27.387056E-03
-317.000E-06,-20.871867E-03,+17.839074E-03
-314.000E-06,+1.741198E-03,-2.261428E-03
-311.000E-06,-25.896993E-03,-2.261428E-03
-308.000E-06,-25.896993E-03,+17.839074E-03
-305.000E-06,+14.304012E-03,+58.040079E-03
-302.000E-06,+11.791449E-03,-57.537809E-03
-299.000E-06,-25.896993E-03,+17.839074E-03
-296.000E-06,+14.304012E-03,-27.387056E-03
-293.000E-06,+14.304012E-03,-42.462433E-03
-290.000E-06,+14.304012E-03,+73.115455E-03
-287.000E-06,-23.384430E-03,+17.839074E-03
-284.000E-06,-48.510058E-03,-17.336805E-03
-281.000E-06,-23.384430E-03,+17.839074E-03
-278.000E-06,-771.365E-06,-7.286554E-03
-275.000E-06,-15.846741E-03,-2.261428E-03
-272.000E-06,-20.871867E-03,+17.839074E-03
-269.000E-06,-25.896993E-03,-12.311679E-03
-266.000E-06,-25.896993E-03,+17.839074E-03
-263.000E-06,-10.821616E-03,-12.311679E-03
-260.000E-06,-25.896993E-03,+17.839074E-03
-257.000E-06,-25.896993E-03,-62.562935E-03
-254.000E-06,-15.846741E-03,+17.839074E-03
-251.000E-06,+14.304012E-03,+17.839074E-03
-248.000E-06,-8.309053E-03,+17.839074E-03
-245.000E-06,-25.896993E-03,-57.537809E-03
-242.000E-06,+14.304012E-03,-12.311679E-03
-239.000E-06,+14.304012E-03,-42.462433E-03
-236.000E-06,-25.896993E-03,+17.839074E-03
-233.000E-06,-13.334179E-03,+17.839074E-03
-230.000E-06,-25.896993E-03,+17.839074E-03
-227.000E-06,-5.796490E-03,+17.839074E-03
-224.000E-06,+14.304012E-03,+12.813949E-03
-221.000E-06,+14.304012E-03,-32.412182E-03
-218.000E-06,+4.253761E-03,+17.839074E-03
-215.000E-06,-20.871867E-03,-47.487558E-03
-212.000E-06,-25.896993E-03,+17.839074E-03
-209.000E-06,-25.896993E-03,+17.839074E-03
-206.000E-06,-5.796490E-03,-22.361930E-03
-203.000E-06,-20.871867E-03,+7.788823E-03
-200.000E-06,+1.741198E-03,-2.261428E-03
-197.000E-06,-25.896993E-03,+78.140581E-03
-194.000E-06,-25.896993E-03,+17.839074E-03
-191.000E-06,-25.896993E-03,+17.839074E-03
-188.000E-06,-25.896993E-03,+17.839074E-03
-185.000E-06,-10.821616E-03,+17.839074E-03
-182.000E-06,+14.304012E-03,+17.839074E-03
-179.000E-06,+14.304012E-03,+63.065204E-03
-176.000E-06,-25.896993E-03,+17.839074E-03
-173.000E-06,-23.384430E-03,+12.813949E-03
-170.000E-06,-8.309053E-03,+17.839074E-03
-167.000E-06,+9.278886E-03,+17.839074E-03
-164.000E-06,-771.365E-06,-7.286554E-03
-161.000E-06,-18.359304E-03,+17.839074E-03
-158.000E-06,+6.766324E-03,+32.914451E-03
-155.000E-06,-25.896993E-03,+17.839074E-03
-152.000E-06,+11.791449E-03,-62.562935E-03
-149.000E-06,-25.896993E-03,+17.839074E-03
-146.000E-06,+14.304012E-03,+7.788823E-03
-143.000E-06,+1.741198E-03,+17.839074E-03
-140.000E-06,-25.896993E-03,+42.964702E-03
-137.000E-06,-20.871867E-03,+17.839074E-03
-134.000E-06,+14.304012E-03,+17.839074E-03
-131.000E-06,+11.791449E-03,+17.839074E-03
-128.000E-06,-3.283927E-03,+17.839074E-03
-125.000E-06,+6.766324E-03,-47.487558E-03
-122.000E-06,-25.896993E-03,+17.839074E-03
-119.000E-06,-25.896993E-03,+17.839074E-03
-116.000E-06,+9.278886E-03,+17.839074E-03
-113.000E-06,-25.896993E-03,-22.361930E-03
-110.000E-06,-25.896993E-03,-52.512684E-03
-107.000E-06,-13.334179E-03,-7.286554E-03
-104.000E-06,-18.359304E-03,+17.839074E-03
-101.000E-06,-25.896993E-03,+17.839074E-03
-98.000E-06,-25.896993E-03,-62.562935E-03
-95.000E-06,-25.896993E-03,+17.839074E-03
-92.000E-06,-25.896993E-03,-17.336805E-03
-89.000E-06,-23.384430E-03,+17.839074E-03
-86.000E-06,-25.896993E-03,+42.964702E-03
-83.000E-06,-25.896993E-03,+17.839074E-03
-80.000E-06,-25.896993E-03,-47.487558E-03
-77.000E-06,-10.821616E-03,+53.014953E-03
-74.000E-06,+14.304012E-03,+17.839074E-03
-71.000E-06,-3.283927E-03,+17.839074E-03
-68.000E-06,+14.304012E-03,+17.839074E-03
-65.000E-06,-25.896993E-03,-37.437307E-03
-62.000E-06,-25.896993E-03,-32.412182E-03
-59.000E-06,-25.896993E-03,+17.839074E-03
-56.000E-06,-5.796490E-03,-22.361930E-03
-53.000E-06,+14.304012E-03,-62.562935E-03
-50.000E-06,-13.334179E-03,+17.839074E-03
-47.000E-06,+4.253761E-03,+17.839074E-03
-44.000E-06,+4.253761E-03,-42.462433E-03
-41.000E-06,-25.896993E-03,+17.839074E-03
-38.000E-06,+11.791449E-03,-62.562935E-03
-35.000E-06,-5.796490E-03,+58.040079E-03
-32.000E-06,-25.896993E-03,+17.839074E-03
-29.000E-06,+14.304012E-03,+17.839074E-03
-26.000E-06,+1.741198E-03,-2.261428E-03
-23.000E-06,-25.896993E-03,+17.839074E-03
-20.000E-06,-3.283927E-03,-27.387056E-03
-17.000E-06,+11.791449E-03,-57.537809E-03
-14.000E-06,-25.896993E-03,+17.839074E-03
-11.000E-06,-25.896993E-03,+17.839074E-03
-8.000E-06,-25.896993E-03,-2.261428E-03
-5.000E-06,-771.365E-06,-32.412182E-03
-2.000E-06,+9.278886E-03,+17.839074E-03
+1.000E-06,+2.386163283E+00,+3.434924465E+00
+4.000E-06,+2.305761274E+00,+5.007788769E+00
+7.000E-06,+2.371087906E+00,+5.083165653E+00
+10.000E-06,+2.335912027E+00,+5.083165653E+00
+13.000E-06,+2.376113032E+00,+5.022864146E+00
+16.000E-06,+2.330886902E+00,+5.083165653E+00
+19.000E-06,+2.345962279E+00,+5.083165653E+00
+22.000E-06,+2.285660772E+00,+5.083165653E+00
+25.000E-06,+2.340937153E+00,+5.083165653E+00
+28.000E-06,+2.278123083E+00,+5.113316406E+00
+31.000E-06,+2.275610521E+00,+5.063065151E+00
+34.000E-06,+2.225359265E+00,+5.002763644E+00
+37.000E-06,+2.265560269E+00,+5.053014900E+00
+40.000E-06,+2.185158260E+00,+5.083165653E+00
+43.000E-06,+2.225359265E+00,+5.083165653E+00
+46.000E-06,+2.144957256E+00,+5.083165653E+00
+49.000E-06,+2.185158260E+00,+5.083165653E+00
+52.000E-06,+2.144957256E+00,+5.083165653E+00
+55.000E-06,+2.144957256E+00,+5.148492286E+00
+58.000E-06,+2.064555246E+00,+5.042964648E+00
+61.000E-06,+2.142444693E+00,+5.002763644E+00
+64.000E-06,+2.024354242E+00,+5.002763644E+00
+67.000E-06,+2.054504995E+00,+5.083165653E+00
+70.000E-06,+1.984153237E+00,+5.068090276E+00
+73.000E-06,+2.024354242E+00,+5.032914397E+00
+76.000E-06,+1.943952233E+00,+5.002763644E+00
+79.000E-06,+1.961540172E+00,+5.002763644E+00
+82.000E-06,+1.652494949E+00,+5.083165653E+00
+85.000E-06,-440.469852E-03,+5.083165653E+00
+88.000E-06,-387.706034E-03,+3.193718437E+00
+91.000E-06,-460.570355E-03,+7.788823E-03
+94.000E-06,-442.982415E-03,+17.839074E-03
+97.000E-06,-468.108043E-03,-57.537809E-03
+100.000E-06,-468.108043E-03,-62.562935E-03
+103.000E-06,-468.108043E-03,-62.562935E-03
+106.000E-06,-468.108043E-03,+42.964702E-03
+109.000E-06,-468.108043E-03,-2.261428E-03
+112.000E-06,-463.082918E-03,-62.562935E-03
+115.000E-06,-445.494978E-03,+17.839074E-03
+118.000E-06,-468.108043E-03,+17.839074E-03
+121.000E-06,-468.108043E-03,+17.839074E-03
+124.000E-06,-468.108043E-03,-62.562935E-03
+127.000E-06,-498.258797E-03,+17.839074E-03
+130.000E-06,-453.032666E-03,+17.839074E-03
+133.000E-06,-430.419601E-03,+17.839074E-03
+136.000E-06,-445.494978E-03,-17.336805E-03
+139.000E-06,-463.082918E-03,+12.813949E-03
+142.000E-06,-468.108043E-03,-62.562935E-03
+145.000E-06,-427.907038E-03,+17.839074E-03
+148.000E-06,-427.907038E-03,-47.487558E-03
+151.000E-06,-410.319099E-03,-62.562935E-03
+154.000E-06,-427.907038E-03,+17.839074E-03
+157.000E-06,-405.293973E-03,-62.562935E-03
+160.000E-06,-427.907038E-03,+17.839074E-03
+163.000E-06,-427.907038E-03,+17.839074E-03
+166.000E-06,-427.907038E-03,-2.261428E-03
+169.000E-06,-387.706034E-03,-47.487558E-03
+172.000E-06,-407.806536E-03,-17.336805E-03
+175.000E-06,-387.706034E-03,-62.562935E-03
+178.000E-06,-387.706034E-03,-27.387056E-03
+181.000E-06,-395.243722E-03,-62.562935E-03
+184.000E-06,-417.856787E-03,+2.763697E-03
+187.000E-06,-412.831662E-03,+17.839074E-03
+190.000E-06,-387.706034E-03,+17.839074E-03
+193.000E-06,-347.505029E-03,-62.562935E-03
+196.000E-06,-387.706034E-03,-52.512684E-03
+199.000E-06,-387.706034E-03,+47.989828E-03
+202.000E-06,-387.706034E-03,+83.165707E-03
+205.000E-06,-352.530155E-03,+17.839074E-03
+208.000E-06,-362.580406E-03,-62.562935E-03
+211.000E-06,-347.505029E-03,+17.839074E-03
+214.000E-06,-365.092969E-03,-22.361930E-03
+217.000E-06,-387.706034E-03,+17.839074E-03
+220.000E-06,-357.555280E-03,-62.562935E-03
+223.000E-06,-334.942215E-03,-62.562935E-03
+226.000E-06,-347.505029E-03,+7.788823E-03
+229.000E-06,-327.404527E-03,-22.361930E-03
+232.000E-06,-347.505029E-03,-57.537809E-03
+235.000E-06,-347.505029E-03,-12.311679E-03
+238.000E-06,-347.505029E-03,-47.487558E-03
+241.000E-06,-337.454778E-03,+17.839074E-03
+244.000E-06,-347.505029E-03,+17.839074E-03
+247.000E-06,-309.816587E-03,-52.512684E-03
+250.000E-06,-324.891964E-03,-17.336805E-03
+253.000E-06,-347.505029E-03,+17.839074E-03
+256.000E-06,-347.505029E-03,-7.286554E-03
+259.000E-06,-347.505029E-03,-42.462433E-03
+262.000E-06,-314.841713E-03,-42.462433E-03
+265.000E-06,-347.505029E-03,+2.763697E-03
+268.000E-06,-267.103020E-03,+17.839074E-03
+271.000E-06,-347.505029E-03,-22.361930E-03
+274.000E-06,-309.816587E-03,+17.839074E-03
+277.000E-06,-317.354276E-03,-37.437307E-03
+280.000E-06,-307.304025E-03,-37.437307E-03
+283.000E-06,-307.304025E-03,+17.839074E-03
+286.000E-06,-307.304025E-03,+53.014953E-03
+289.000E-06,-307.304025E-03,+17.839074E-03
+292.000E-06,-307.304025E-03,+17.839074E-03
+295.000E-06,-307.304025E-03,+7.788823E-03
+298.000E-06,-267.103020E-03,-62.562935E-03
+301.000E-06,-307.304025E-03,-32.412182E-03
+304.000E-06,-307.304025E-03,+17.839074E-03
+307.000E-06,-284.690960E-03,-62.562935E-03
+310.000E-06,-302.278899E-03,+12.813949E-03
+313.000E-06,-307.304025E-03,-62.562935E-03
+316.000E-06,-274.640708E-03,+17.839074E-03
+319.000E-06,-274.640708E-03,+17.839074E-03
+322.000E-06,-289.716085E-03,+17.839074E-03
+325.000E-06,-267.103020E-03,-62.562935E-03
+328.000E-06,-287.203522E-03,+58.040079E-03
+331.000E-06,-267.103020E-03,-52.512684E-03
+334.000E-06,-267.103020E-03,+17.839074E-03
+337.000E-06,-267.103020E-03,+17.839074E-03
+340.000E-06,-267.103020E-03,+7.788823E-03
+343.000E-06,-249.515081E-03,+17.839074E-03
+346.000E-06,-304.791462E-03,+17.839074E-03
+349.000E-06,-267.103020E-03,+17.839074E-03
+352.000E-06,-267.103020E-03,+17.839074E-03
+355.000E-06,-254.540206E-03,+17.839074E-03
+358.000E-06,-267.103020E-03,+17.839074E-03
+361.000E-06,-267.103020E-03,-52.512684E-03
+364.000E-06,-247.002518E-03,-62.562935E-03
+367.000E-06,-267.103020E-03,+17.839074E-03
+370.000E-06,-252.027643E-03,-62.562935E-03
+373.000E-06,-234.439704E-03,-42.462433E-03
+376.000E-06,-226.902016E-03,+17.839074E-03
+379.000E-06,-226.902016E-03,-7.286554E-03
+382.000E-06,-264.590457E-03,+17.839074E-03
+385.000E-06,-247.002518E-03,+17.839074E-03
+388.000E-06,-229.414578E-03,-52.512684E-03
+391.000E-06,-267.103020E-03,+17.839074E-03
+394.000E-06,-254.540206E-03,-2.261428E-03
+397.000E-06,-231.927141E-03,-62.562935E-03
+400.000E-06,-226.902016E-03,-27.387056E-03
+403.000E-06,-264.590457E-03,+17.839074E-03
+406.000E-06,-226.902016E-03,-62.562935E-03
+409.000E-06,-231.927141E-03,+17.839074E-03
+412.000E-06,+1.780635651E+00,-37.437307E-03
+415.000E-06,+2.278123083E+00,+3.957537524E+00
+418.000E-06,+2.381138158E+00,+5.078140527E+00
+421.000E-06,+2.325861776E+00,+5.042964648E+00
+424.000E-06,+2.386163283E+00,+5.083165653E+00
+427.000E-06,+2.345962279E+00,+5.058040025E+00
+430.000E-06,+2.386163283E+00,+5.083165653E+00
+433.000E-06,+2.305761274E+00,+5.022864146E+00
+436.000E-06,+2.371087906E+00,+5.032914397E+00
+439.000E-06,+2.265560269E+00,+5.007788769E+00
+442.000E-06,+2.325861776E+00,+5.083165653E+00
+445.000E-06,+2.265560269E+00,+5.012813895E+00
+448.000E-06,+2.278123083E+00,+5.113316406E+00
+451.000E-06,+2.212796451E+00,+5.027889272E+00
+454.000E-06,+2.265560269E+00,+5.153517411E+00
+457.000E-06,+2.207771325E+00,+5.037939523E+00
+460.000E-06,+2.185158260E+00,+5.007788769E+00
+463.000E-06,+2.144957256E+00,+5.037939523E+00
+466.000E-06,+2.149982381E+00,+5.002763644E+00
+469.000E-06,+2.114806502E+00,+5.063065151E+00
+472.000E-06,+2.114806502E+00,+5.083165653E+00
+475.000E-06,+2.072092935E+00,+5.002763644E+00
+478.000E-06,+2.082143186E+00,+5.042964648E+00
+481.000E-06,+2.021841679E+00,+5.163567662E+00
+484.000E-06,+2.006766302E+00,+5.037939523E+00
+487.000E-06,+1.984153237E+00,+5.068090276E+00
+490.000E-06,+1.984153237E+00,+5.083165653E+00
+493.000E-06,+1.943952233E+00,+5.058040025E+00
+496.000E-06,+1.903751228E+00,+5.083165653E+00
+499.000E-06,+1.943952233E+00,+5.042964648E+00
+502.000E-06,+1.866062786E+00,+5.078140527E+00
+505.000E-06,+1.903751228E+00,+5.032914397E+00
+508.000E-06,+1.823349219E+00,+5.083165653E+00
+511.000E-06,+1.863550223E+00,+5.073115402E+00
+514.000E-06,+1.783148214E+00,+5.083165653E+00
+517.000E-06,+1.783148214E+00,+5.083165653E+00
+520.000E-06,+1.722846707E+00,+5.042964648E+00
+523.000E-06,+1.775610526E+00,+5.083165653E+00
+526.000E-06,+1.730384396E+00,+5.027889272E+00
+529.000E-06,+1.742947210E+00,+5.083165653E+00
+532.000E-06,+1.662545200E+00,+5.012813895E+00
+535.000E-06,+1.680133140E+00,+5.047989774E+00
+538.000E-06,-669.113066E-03,+5.083165653E+00
+541.000E-06,-347.505029E-03,+3.877135515E+00
+544.000E-06,-578.660806E-03,+3.957537524E+00
+547.000E-06,-548.510052E-03,+2.590703368E+00
+550.000E-06,-520.871862E-03,+2.163567694E+00
+553.000E-06,-548.510052E-03,+1.143467203E+00
+556.000E-06,-548.510052E-03,+17.839074E-03
+559.000E-06,-510.821610E-03,-52.512684E-03
+562.000E-06,-508.309048E-03,-62.562935E-03
+565.000E-06,-508.309048E-03,+2.763697E-03
+568.000E-06,-508.309048E-03,+17.839074E-03
+571.000E-06,-508.309048E-03,-62.562935E-03
+574.000E-06,-505.796485E-03,-57.537809E-03
+577.000E-06,-508.309048E-03,-17.336805E-03
+580.000E-06,-508.309048E-03,-47.487558E-03
+583.000E-06,-495.746234E-03,+17.839074E-03
+586.000E-06,-495.746234E-03,-2.261428E-03
+589.000E-06,-468.108043E-03,+17.839074E-03
+592.000E-06,-468.108043E-03,-17.336805E-03
+595.000E-06,-468.108043E-03,+17.839074E-03
+598.000E-06,-468.108043E-03,-27.387056E-03
+601.000E-06,-460.570355E-03,+7.788823E-03
+604.000E-06,-435.444727E-03,-62.562935E-03
+607.000E-06,-427.907038E-03,-7.286554E-03
+610.000E-06,-427.907038E-03,+12.813949E-03
+613.000E-06,-427.907038E-03,-22.361930E-03
+616.000E-06,-463.082918E-03,+12.813949E-03
+619.000E-06,-400.268848E-03,-7.286554E-03
+622.000E-06,-395.243722E-03,-62.562935E-03
+625.000E-06,-427.907038E-03,+2.763697E-03
+628.000E-06,-402.781411E-03,-12.311679E-03
+631.000E-06,-427.907038E-03,+17.839074E-03
+634.000E-06,-407.806536E-03,-22.361930E-03
+637.000E-06,-390.218597E-03,+12.813949E-03
+640.000E-06,-387.706034E-03,-62.562935E-03
+643.000E-06,-387.706034E-03,-2.261428E-03
+646.000E-06,-427.907038E-03,+7.788823E-03
+649.000E-06,-387.706034E-03,-22.361930E-03
+652.000E-06,-387.706034E-03,+17.839074E-03
+655.000E-06,-387.706034E-03,+17.839074E-03
+658.000E-06,-387.706034E-03,+7.788823E-03
+661.000E-06,-417.856787E-03,-62.562935E-03
+664.000E-06,-387.706034E-03,-62.562935E-03
+667.000E-06,-387.706034E-03,+17.839074E-03
+670.000E-06,-367.605532E-03,+17.839074E-03
+673.000E-06,-347.505029E-03,-52.512684E-03
+676.000E-06,-372.630657E-03,-7.286554E-03
+679.000E-06,-377.655783E-03,+17.839074E-03
+682.000E-06,-355.042718E-03,+17.839074E-03
+685.000E-06,-387.706034E-03,-27.387056E-03
+688.000E-06,-307.304025E-03,+17.839074E-03
+691.000E-06,-367.605532E-03,+17.839074E-03
+694.000E-06,-347.505029E-03,-52.512684E-03
+697.000E-06,-334.942215E-03,-2.261428E-03
+700.000E-06,-334.942215E-03,-62.562935E-03
+703.000E-06,-352.530155E-03,-47.487558E-03
+706.000E-06,-322.379401E-03,-27.387056E-03
+709.000E-06,-347.505029E-03,-57.537809E-03
+712.000E-06,-347.505029E-03,-27.387056E-03
+715.000E-06,-339.967341E-03,+7.788823E-03
+718.000E-06,-334.942215E-03,+17.839074E-03
+721.000E-06,-347.505029E-03,+17.839074E-03
+724.000E-06,-347.505029E-03,-52.512684E-03
+727.000E-06,-347.505029E-03,+17.839074E-03
+730.000E-06,-307.304025E-03,-57.537809E-03
+733.000E-06,-319.866839E-03,-32.412182E-03
+736.000E-06,-307.304025E-03,-42.462433E-03
+739.000E-06,-337.454778E-03,+37.939576E-03
+742.000E-06,-307.304025E-03,+17.839074E-03
+745.000E-06,-307.304025E-03,-57.537809E-03
+748.000E-06,-307.304025E-03,+17.839074E-03
+751.000E-06,-307.304025E-03,-52.512684E-03
+754.000E-06,-307.304025E-03,-37.437307E-03
+757.000E-06,-307.304025E-03,+17.839074E-03
+760.000E-06,-307.304025E-03,+32.914451E-03
+763.000E-06,-329.917090E-03,+17.839074E-03
+766.000E-06,-307.304025E-03,+17.839074E-03
+769.000E-06,-307.304025E-03,+17.839074E-03
+772.000E-06,-272.128146E-03,+17.839074E-03
+775.000E-06,-277.153271E-03,-62.562935E-03
+778.000E-06,-307.304025E-03,+17.839074E-03
+781.000E-06,-267.103020E-03,+17.839074E-03
+784.000E-06,-287.203522E-03,-17.336805E-03
+787.000E-06,-267.103020E-03,+17.839074E-03
+790.000E-06,-267.103020E-03,-62.562935E-03
+793.000E-06,-267.103020E-03,+17.839074E-03
+796.000E-06,-307.304025E-03,+17.839074E-03
+799.000E-06,-307.304025E-03,+17.839074E-03
+802.000E-06,-267.103020E-03,-57.537809E-03
+805.000E-06,-267.103020E-03,-17.336805E-03
+808.000E-06,-267.103020E-03,+12.813949E-03
+811.000E-06,-267.103020E-03,-7.286554E-03
+814.000E-06,-267.103020E-03,+78.140581E-03
+817.000E-06,-267.103020E-03,+17.839074E-03
+820.000E-06,-267.103020E-03,-12.311679E-03
+823.000E-06,-267.103020E-03,+17.839074E-03
+826.000E-06,-267.103020E-03,-27.387056E-03
+829.000E-06,-231.927141E-03,+17.839074E-03
+832.000E-06,-267.103020E-03,+17.839074E-03
+835.000E-06,-226.902016E-03,+17.839074E-03
+838.000E-06,-226.902016E-03,-62.562935E-03
+841.000E-06,-226.902016E-03,-17.336805E-03
+844.000E-06,-226.902016E-03,-57.537809E-03
+847.000E-06,-226.902016E-03,-12.311679E-03
+850.000E-06,-267.103020E-03,+17.839074E-03
+853.000E-06,-267.103020E-03,+17.839074E-03
+856.000E-06,-239.464829E-03,-32.412182E-03
+859.000E-06,-262.077895E-03,+17.839074E-03
+862.000E-06,-226.902016E-03,+17.839074E-03
+865.000E-06,-226.902016E-03,-52.512684E-03
+868.000E-06,-226.902016E-03,-32.412182E-03
+871.000E-06,-267.103020E-03,-37.437307E-03
+874.000E-06,-267.103020E-03,+88.190832E-03
+877.000E-06,-226.902016E-03,-62.562935E-03
+880.000E-06,-264.590457E-03,-57.537809E-03
+883.000E-06,-219.364327E-03,-27.387056E-03
+886.000E-06,-226.902016E-03,-47.487558E-03
+889.000E-06,-236.952267E-03,+17.839074E-03
+892.000E-06,-226.902016E-03,+17.839074E-03
+895.000E-06,-226.902016E-03,+17.839074E-03
+898.000E-06,-226.902016E-03,+63.065204E-03
+901.000E-06,-226.902016E-03,-62.562935E-03
+904.000E-06,-186.701011E-03,+17.839074E-03
+907.000E-06,-226.902016E-03,-42.462433E-03
+910.000E-06,-226.902016E-03,+17.839074E-03
+913.000E-06,-226.902016E-03,-7.286554E-03
+916.000E-06,-226.902016E-03,+17.839074E-03
+919.000E-06,-206.801513E-03,+17.839074E-03
+922.000E-06,-226.902016E-03,+17.839074E-03
+925.000E-06,-199.263825E-03,-32.412182E-03
+928.000E-06,-216.851764E-03,+37.939576E-03
+931.000E-06,-219.364327E-03,+17.839074E-03
+934.000E-06,-226.902016E-03,+17.839074E-03
+937.000E-06,-224.389453E-03,+17.839074E-03
+940.000E-06,-204.288950E-03,-22.361930E-03
+943.000E-06,-191.726136E-03,+17.839074E-03
+946.000E-06,-214.339202E-03,+17.839074E-03
+949.000E-06,-196.751262E-03,-62.562935E-03
+952.000E-06,-219.364327E-03,-47.487558E-03
+955.000E-06,-186.701011E-03,+17.839074E-03
+958.000E-06,-184.188448E-03,+17.839074E-03
+961.000E-06,-186.701011E-03,-12.311679E-03
+964.000E-06,-186.701011E-03,+17.839074E-03
+967.000E-06,-186.701011E-03,+2.763697E-03
+970.000E-06,-186.701011E-03,+17.839074E-03
+973.000E-06,-181.675885E-03,+12.813949E-03
+976.000E-06,-186.701011E-03,-22.361930E-03
+979.000E-06,-181.675885E-03,-52.512684E-03
+982.000E-06,-186.701011E-03,+17.839074E-03
+985.000E-06,-186.701011E-03,-62.562935E-03
+988.000E-06,-179.163323E-03,+7.788823E-03
+991.000E-06,-201.776388E-03,+17.839074E-03
+994.000E-06,-186.701011E-03,-57.537809E-03
+997.000E-06,-186.701011E-03,+17.839074E-03
+1.000000E-03,-186.701011E-03,+17.839074E-03
+1.003000E-03,-186.701011E-03,-62.562935E-03
+1.006000E-03,-186.701011E-03,+17.839074E-03
+1.009000E-03,-151.525132E-03,+17.839074E-03
+1.012000E-03,-186.701011E-03,+17.839074E-03
+1.015000E-03,-184.188448E-03,+17.839074E-03
+1.018000E-03,-146.500006E-03,-12.311679E-03
+1.021000E-03,-186.701011E-03,-47.487558E-03
+1.024000E-03,-186.701011E-03,+17.839074E-03
+1.027000E-03,-171.625634E-03,+17.839074E-03
+1.030000E-03,-181.675885E-03,+17.839074E-03
+1.033000E-03,-186.701011E-03,-17.336805E-03
+1.036000E-03,-146.500006E-03,+12.813949E-03
+1.039000E-03,-159.062820E-03,+73.115455E-03
+1.042000E-03,-154.037695E-03,-42.462433E-03
+1.045000E-03,-146.500006E-03,-42.462433E-03
+1.048000E-03,-146.500006E-03,-27.387056E-03
+1.051000E-03,-186.701011E-03,+17.839074E-03
+1.054000E-03,-146.500006E-03,+17.839074E-03
+1.057000E-03,-186.701011E-03,+17.839074E-03
+1.060000E-03,-146.500006E-03,-62.562935E-03
+1.063000E-03,-174.138197E-03,-37.437307E-03
+1.066000E-03,-146.500006E-03,+17.839074E-03
+1.069000E-03,-169.113071E-03,+17.839074E-03
+1.072000E-03,-146.500006E-03,-57.537809E-03
+1.075000E-03,-123.886941E-03,-27.387056E-03
+1.078000E-03,-151.525132E-03,+17.839074E-03
+1.081000E-03,-174.138197E-03,+17.839074E-03
+1.084000E-03,-146.500006E-03,-32.412182E-03
+1.087000E-03,-146.500006E-03,+17.839074E-03
+1.090000E-03,-128.912067E-03,-17.336805E-03
+1.093000E-03,-146.500006E-03,+17.839074E-03
+1.096000E-03,-146.500006E-03,+73.115455E-03
+1.099000E-03,-146.500006E-03,+17.839074E-03
+1.102000E-03,-146.500006E-03,+2.763697E-03
+1.105000E-03,-146.500006E-03,+17.839074E-03
+1.108000E-03,-146.500006E-03,-57.537809E-03
+1.111000E-03,-146.500006E-03,+17.839074E-03
+1.114000E-03,-146.500006E-03,-52.512684E-03
+1.117000E-03,-146.500006E-03,+17.839074E-03
+1.120000E-03,-146.500006E-03,-2.261428E-03
+1.123000E-03,-146.500006E-03,+7.788823E-03
+1.126000E-03,-146.500006E-03,+17.839074E-03
+1.129000E-03,-106.299002E-03,-62.562935E-03
+1.132000E-03,-123.886941E-03,+17.839074E-03
+1.135000E-03,-141.474881E-03,+17.839074E-03
+1.138000E-03,-146.500006E-03,-37.437307E-03
+1.141000E-03,-106.299002E-03,+17.839074E-03
+1.144000E-03,-106.299002E-03,-52.512684E-03
+1.147000E-03,-128.912067E-03,-22.361930E-03
+1.150000E-03,-146.500006E-03,+17.839074E-03
+1.153000E-03,-133.937192E-03,-62.562935E-03
+1.156000E-03,-138.962318E-03,+17.839074E-03
+1.159000E-03,-138.962318E-03,+2.763697E-03
+1.162000E-03,-106.299002E-03,+17.839074E-03
+1.165000E-03,-106.299002E-03,+17.839074E-03
+1.168000E-03,-128.912067E-03,-17.336805E-03
+1.171000E-03,-146.500006E-03,+17.839074E-03
+1.174000E-03,-106.299002E-03,-7.286554E-03
+1.177000E-03,-118.861816E-03,-17.336805E-03
+1.180000E-03,-106.299002E-03,+17.839074E-03
+1.183000E-03,-106.299002E-03,-12.311679E-03
+1.186000E-03,-106.299002E-03,-57.537809E-03
+1.189000E-03,-106.299002E-03,-12.311679E-03
+1.192000E-03,-106.299002E-03,+17.839074E-03
+1.195000E-03,-118.861816E-03,+17.839074E-03
+1.198000E-03,-146.500006E-03,+17.839074E-03
+1.201000E-03,-146.500006E-03,+17.839074E-03
+1.204000E-03,-126.399504E-03,+17.839074E-03
+1.207000E-03,-106.299002E-03,-57.537809E-03
+1.210000E-03,-123.886941E-03,+68.090330E-03
+1.213000E-03,-138.962318E-03,+17.839074E-03
+1.216000E-03,-138.962318E-03,-62.562935E-03
+1.219000E-03,-106.299002E-03,+17.839074E-03
+1.222000E-03,-106.299002E-03,+17.839074E-03
+1.225000E-03,-106.299002E-03,-62.562935E-03
+1.228000E-03,-106.299002E-03,-52.512684E-03
+1.231000E-03,-106.299002E-03,+17.839074E-03
+1.234000E-03,-106.299002E-03,+78.140581E-03
+1.237000E-03,-106.299002E-03,+7.788823E-03
+1.240000E-03,-106.299002E-03,+17.839074E-03
+1.243000E-03,-106.299002E-03,+17.839074E-03
+1.246000E-03,-106.299002E-03,-12.311679E-03
+1.249000E-03,-106.299002E-03,+17.839074E-03
+1.252000E-03,-106.299002E-03,+17.839074E-03
+1.255000E-03,-106.299002E-03,+17.839074E-03
+1.258000E-03,-106.299002E-03,-52.512684E-03
+1.261000E-03,-88.711062E-03,-17.336805E-03
+1.264000E-03,-106.299002E-03,+17.839074E-03
+1.267000E-03,-106.299002E-03,+17.839074E-03
+1.270000E-03,-106.299002E-03,-42.462433E-03
+1.273000E-03,-106.299002E-03,+17.839074E-03
+1.276000E-03,-106.299002E-03,+17.839074E-03
+1.279000E-03,-103.786439E-03,+17.839074E-03
+1.282000E-03,-106.299002E-03,+63.065204E-03
+1.285000E-03,-106.299002E-03,-52.512684E-03
+1.288000E-03,-121.374378E-03,+17.839074E-03
+1.291000E-03,-106.299002E-03,+63.065204E-03
+1.294000E-03,-101.273876E-03,+7.788823E-03
+1.297000E-03,-91.223625E-03,+17.839074E-03
+1.300000E-03,-106.299002E-03,+17.839074E-03
+1.303000E-03,-88.711062E-03,-62.562935E-03
+1.306000E-03,-106.299002E-03,+17.839074E-03
+1.309000E-03,-106.299002E-03,+17.839074E-03
+1.312000E-03,-106.299002E-03,-2.261428E-03
+1.315000E-03,-66.097997E-03,+7.788823E-03
+1.318000E-03,-86.198499E-03,+47.989828E-03
+1.321000E-03,-106.299002E-03,-57.537809E-03
+1.324000E-03,-83.685937E-03,+68.090330E-03
+1.327000E-03,-101.273876E-03,+17.839074E-03
+1.330000E-03,-66.097997E-03,+17.839074E-03
+1.333000E-03,-66.097997E-03,+17.839074E-03
+1.336000E-03,-66.097997E-03,-52.512684E-03
+1.339000E-03,-66.097997E-03,+17.839074E-03
+1.342000E-03,-106.299002E-03,-62.562935E-03
+1.345000E-03,-106.299002E-03,-7.286554E-03
+1.348000E-03,-66.097997E-03,+17.839074E-03
+1.351000E-03,-73.635685E-03,+17.839074E-03
+1.354000E-03,-66.097997E-03,-62.562935E-03
+1.357000E-03,-68.610560E-03,-62.562935E-03
+1.360000E-03,-66.097997E-03,-62.562935E-03
+1.363000E-03,-101.273876E-03,+17.839074E-03
+1.366000E-03,-66.097997E-03,-2.261428E-03
+1.369000E-03,-66.097997E-03,+17.839074E-03
+1.372000E-03,-66.097997E-03,+17.839074E-03
+1.375000E-03,-86.198499E-03,-22.361930E-03
+1.378000E-03,-66.097997E-03,-57.537809E-03
+1.381000E-03,-106.299002E-03,+17.839074E-03
+1.384000E-03,-101.273876E-03,-47.487558E-03
+1.387000E-03,-76.148248E-03,-42.462433E-03
+1.390000E-03,-40.972369E-03,-7.286554E-03
+1.393000E-03,-66.097997E-03,+12.813949E-03
+1.396000E-03,-86.198499E-03,+17.839074E-03
+1.399000E-03,-71.123123E-03,-52.512684E-03
+1.402000E-03,-66.097997E-03,+17.839074E-03
+1.405000E-03,-76.148248E-03,+2.763697E-03
+1.408000E-03,-76.148248E-03,+2.763697E-03
+1.411000E-03,-66.097997E-03,-62.562935E-03
+1.414000E-03,-66.097997E-03,-52.512684E-03
+1.417000E-03,-66.097997E-03,-17.336805E-03
+1.420000E-03,-71.123123E-03,+17.839074E-03
+1.423000E-03,-66.097997E-03,-2.261428E-03
+1.426000E-03,-56.047746E-03,-2.261428E-03
+1.429000E-03,-101.273876E-03,-62.562935E-03
+1.432000E-03,-91.223625E-03,+17.839074E-03
+1.435000E-03,-28.409555E-03,+17.839074E-03
+1.438000E-03,-66.097997E-03,+17.839074E-03
+1.441000E-03,-73.635685E-03,+7.788823E-03
+1.444000E-03,-66.097997E-03,+17.839074E-03
+1.447000E-03,-40.972369E-03,-7.286554E-03
+1.450000E-03,-66.097997E-03,-62.562935E-03
+1.453000E-03,-66.097997E-03,-17.336805E-03
+1.456000E-03,-66.097997E-03,-52.512684E-03
+1.459000E-03,-40.972369E-03,-7.286554E-03
+1.462000E-03,-76.148248E-03,+17.839074E-03
+1.465000E-03,-66.097997E-03,-42.462433E-03
+1.468000E-03,-83.685937E-03,-12.311679E-03
+1.471000E-03,-66.097997E-03,+17.839074E-03
+1.474000E-03,-66.097997E-03,+108.291334E-03
+1.477000E-03,-30.922118E-03,-52.512684E-03
+1.480000E-03,-66.097997E-03,-37.437307E-03
+1.483000E-03,-66.097997E-03,-2.261428E-03
+1.486000E-03,-61.072872E-03,-62.562935E-03
+1.489000E-03,-43.484932E-03,-12.311679E-03
+1.492000E-03,-66.097997E-03,+17.839074E-03
+1.495000E-03,-66.097997E-03,-27.387056E-03
+1.498000E-03,-25.896993E-03,-62.562935E-03
+1.501000E-03,-38.459806E-03,-37.437307E-03
+1.504000E-03,-53.535183E-03,+17.839074E-03
+1.507000E-03,-30.922118E-03,-62.562935E-03
+1.510000E-03,-66.097997E-03,+17.839074E-03
+1.513000E-03,-66.097997E-03,+17.839074E-03
+1.516000E-03,-66.097997E-03,-62.562935E-03
+1.519000E-03,-66.097997E-03,+17.839074E-03
+1.522000E-03,-35.947244E-03,-42.462433E-03
+1.525000E-03,-25.896993E-03,-7.286554E-03
+1.528000E-03,-66.097997E-03,-57.537809E-03
+1.531000E-03,-66.097997E-03,-17.336805E-03
+1.534000E-03,-63.585434E-03,+12.813949E-03
+1.537000E-03,-66.097997E-03,+17.839074E-03
+1.540000E-03,-56.047746E-03,-2.261428E-03
+1.543000E-03,-61.072872E-03,-62.562935E-03
+1.546000E-03,-43.484932E-03,-62.562935E-03
+1.549000E-03,-66.097997E-03,-57.537809E-03
+1.552000E-03,-43.484932E-03,-12.311679E-03
+1.555000E-03,-66.097997E-03,+17.839074E-03
+1.558000E-03,-66.097997E-03,+17.839074E-03
+1.561000E-03,-66.097997E-03,-32.412182E-03
+1.564000E-03,-30.922118E-03,-52.512684E-03
+1.567000E-03,-66.097997E-03,+17.839074E-03
+1.570000E-03,-66.097997E-03,+17.839074E-03
+1.573000E-03,-40.972369E-03,-7.286554E-03
+1.576000E-03,-25.896993E-03,+2.763697E-03
+1.579000E-03,-35.947244E-03,-42.462433E-03
+1.582000E-03,-66.097997E-03,+17.839074E-03
+1.585000E-03,-68.610560E-03,+17.839074E-03
+1.588000E-03,-45.997495E-03,+17.839074E-03
+1.591000E-03,-30.922118E-03,+17.839074E-03
+1.594000E-03,-40.972369E-03,-32.412182E-03
+1.597000E-03,-25.896993E-03,-62.562935E-03
+1.600000E-03,-33.434681E-03,-47.487558E-03
+1.603000E-03,-25.896993E-03,-27.387056E-03
+1.606000E-03,-66.097997E-03,+17.839074E-03
+1.609000E-03,-25.896993E-03,+17.839074E-03
+1.612000E-03,-33.434681E-03,-47.487558E-03
+1.615000E-03,-25.896993E-03,+17.839074E-03
+1.618000E-03,-25.896993E-03,-2.261428E-03
+1.621000E-03,-63.585434E-03,+17.839074E-03
+1.624000E-03,-66.097997E-03,-22.361930E-03
+1.627000E-03,-66.097997E-03,+17.839074E-03
+1.630000E-03,-43.484932E-03,+17.839074E-03
+1.633000E-03,-35.947244E-03,+2.763697E-03
+1.636000E-03,-35.947244E-03,-42.462433E-03
+1.639000E-03,-25.896993E-03,-7.286554E-03
+1.642000E-03,-66.097997E-03,-52.512684E-03
+1.645000E-03,-48.510058E-03,+17.839074E-03
+1.648000E-03,-25.896993E-03,-52.512684E-03
+1.651000E-03,-40.972369E-03,-32.412182E-03
+1.654000E-03,-58.560309E-03,+2.763697E-03
+1.657000E-03,-25.896993E-03,+7.788823E-03
+1.660000E-03,-43.484932E-03,+17.839074E-03
+1.663000E-03,-66.097997E-03,-57.537809E-03
+1.666000E-03,-45.997495E-03,-22.361930E-03
+1.669000E-03,-25.896993E-03,+7.788823E-03
+1.672000E-03,-25.896993E-03,+17.839074E-03
+1.675000E-03,-25.896993E-03,-37.437307E-03
+1.678000E-03,-25.896993E-03,+12.813949E-03
+1.681000E-03,-45.997495E-03,-22.361930E-03
+1.684000E-03,-28.409555E-03,-57.537809E-03
+1.687000E-03,-51.022620E-03,-12.311679E-03
+1.690000E-03,-18.359304E-03,+2.763697E-03
+1.693000E-03,-25.896993E-03,+17.839074E-03
+1.696000E-03,-25.896993E-03,-7.286554E-03
+1.699000E-03,-25.896993E-03,-52.512684E-03
+1.702000E-03,-25.896993E-03,-62.562935E-03
+1.705000E-03,-30.922118E-03,+17.839074E-03
+1.708000E-03,-25.896993E-03,-7.286554E-03
+1.711000E-03,-35.947244E-03,-42.462433E-03
+1.714000E-03,-25.896993E-03,-62.562935E-03
+1.717000E-03,-25.896993E-03,-12.311679E-03
+1.720000E-03,-25.896993E-03,-62.562935E-03
+1.723000E-03,-25.896993E-03,-17.336805E-03
+1.726000E-03,-25.896993E-03,+32.914451E-03
+1.729000E-03,-25.896993E-03,-37.437307E-03
+1.732000E-03,-25.896993E-03,-62.562935E-03
+1.735000E-03,-61.072872E-03,+17.839074E-03
+1.738000E-03,-25.896993E-03,-62.562935E-03
+1.741000E-03,-28.409555E-03,+17.839074E-03
+1.744000E-03,-43.484932E-03,+17.839074E-03
+1.747000E-03,-25.896993E-03,-62.562935E-03
+1.750000E-03,-58.560309E-03,+17.839074E-03
+1.753000E-03,-25.896993E-03,-7.286554E-03
+1.756000E-03,-63.585434E-03,+17.839074E-03
+1.759000E-03,-45.997495E-03,-22.361930E-03
+1.762000E-03,+6.766324E-03,-52.512684E-03
+1.765000E-03,-25.896993E-03,+17.839074E-03
+1.768000E-03,-35.947244E-03,-42.462433E-03
+1.771000E-03,-35.947244E-03,+17.839074E-03
+1.774000E-03,-51.022620E-03,+17.839074E-03
+1.777000E-03,-28.409555E-03,-57.537809E-03
+1.780000E-03,-45.997495E-03,+17.839074E-03
+1.783000E-03,-63.585434E-03,+17.839074E-03
+1.786000E-03,-25.896993E-03,-62.562935E-03
+1.789000E-03,+1.741198E-03,-62.562935E-03
+1.792000E-03,-25.896993E-03,+17.839074E-03
+1.795000E-03,-25.896993E-03,+17.839074E-03
+1.798000E-03,-28.409555E-03,-57.537809E-03
+1.801000E-03,-25.896993E-03,-27.387056E-03
+1.804000E-03,-25.896993E-03,-62.562935E-03
+1.807000E-03,-58.560309E-03,+17.839074E-03
+1.810000E-03,-25.896993E-03,-62.562935E-03
+1.813000E-03,-25.896993E-03,+12.813949E-03
+1.816000E-03,-45.997495E-03,+17.839074E-03
+1.819000E-03,-23.384430E-03,-52.512684E-03
+1.822000E-03,-25.896993E-03,+17.839074E-03
+1.825000E-03,-25.896993E-03,+63.065204E-03
+1.828000E-03,-58.560309E-03,+17.839074E-03
+1.831000E-03,-43.484932E-03,-62.562935E-03
+1.834000E-03,-25.896993E-03,-57.537809E-03
+1.837000E-03,-25.896993E-03,+17.839074E-03
+1.840000E-03,-23.384430E-03,+83.165707E-03
+1.843000E-03,-25.896993E-03,-37.437307E-03
+1.846000E-03,-25.896993E-03,-2.261428E-03
+1.849000E-03,-25.896993E-03,-47.487558E-03
+1.852000E-03,-25.896993E-03,+17.839074E-03
+1.855000E-03,-25.896993E-03,+17.839074E-03
+1.858000E-03,-51.022620E-03,+17.839074E-03
+1.861000E-03,+6.766324E-03,-47.487558E-03
+1.864000E-03,-15.846741E-03,-2.261428E-03
+1.867000E-03,-53.535183E-03,-7.286554E-03
+1.870000E-03,-25.896993E-03,-52.512684E-03
+1.873000E-03,-25.896993E-03,-22.361930E-03
+1.876000E-03,-25.896993E-03,+17.839074E-03
+1.879000E-03,-25.896993E-03,-7.286554E-03
+1.882000E-03,-25.896993E-03,+17.839074E-03
+1.885000E-03,-25.896993E-03,+83.165707E-03
+1.888000E-03,-25.896993E-03,+17.839074E-03
+1.891000E-03,-25.896993E-03,+98.241083E-03
+1.894000E-03,-25.896993E-03,+17.839074E-03
+1.897000E-03,-30.922118E-03,+17.839074E-03
+1.900000E-03,-25.896993E-03,-7.286554E-03
+1.903000E-03,-25.896993E-03,+17.839074E-03
+1.906000E-03,-25.896993E-03,+17.839074E-03
+1.909000E-03,-25.896993E-03,+17.839074E-03
+1.912000E-03,-66.097997E-03,+17.839074E-03
+1.915000E-03,-10.821616E-03,-12.311679E-03
+1.918000E-03,+6.766324E-03,+17.839074E-03
+1.921000E-03,+1.741198E-03,-62.562935E-03
+1.924000E-03,-40.972369E-03,+47.989828E-03
+1.927000E-03,-63.585434E-03,+17.839074E-03
+1.930000E-03,-25.896993E-03,+17.839074E-03
+1.933000E-03,-25.896993E-03,+17.839074E-03
+1.936000E-03,-25.896993E-03,+17.839074E-03
+1.939000E-03,-58.560309E-03,+17.839074E-03
+1.942000E-03,-25.896993E-03,+2.763697E-03
+1.945000E-03,-53.535183E-03,+17.839074E-03
+1.948000E-03,-25.896993E-03,+17.839074E-03
+1.951000E-03,+14.304012E-03,-62.562935E-03
+1.954000E-03,-23.384430E-03,-37.437307E-03
+1.957000E-03,-25.896993E-03,-7.286554E-03
+1.960000E-03,-56.047746E-03,+42.964702E-03
+1.963000E-03,-61.072872E-03,+7.788823E-03
+1.966000E-03,-25.896993E-03,-12.311679E-03
+1.969000E-03,+11.791449E-03,-57.537809E-03
+1.972000E-03,-3.283927E-03,-12.311679E-03
+1.975000E-03,-25.896993E-03,+7.788823E-03
+1.978000E-03,-25.896993E-03,+17.839074E-03
+1.981000E-03,-15.846741E-03,-2.261428E-03
+1.984000E-03,+9.278886E-03,+17.839074E-03
+1.987000E-03,-25.896993E-03,-17.336805E-03
+1.990000E-03,+11.791449E-03,+17.839074E-03
+1.993000E-03,-3.283927E-03,-12.311679E-03
+1.996000E-03,-25.896993E-03,-62.562935E-03
+1.999000E-03,-25.896993E-03,+2.763697E-03
+2.002000E-03,-53.535183E-03,+17.839074E-03
+2.005000E-03,-25.896993E-03,+17.839074E-03
+2.008000E-03,-25.896993E-03,+17.839074E-03
+2.011000E-03,-25.896993E-03,+12.813949E-03
+2.014000E-03,-25.896993E-03,-32.412182E-03
+2.017000E-03,-35.947244E-03,+2.763697E-03
+2.020000E-03,+6.766324E-03,-62.562935E-03
+2.023000E-03,-3.283927E-03,-27.387056E-03
+2.026000E-03,+11.791449E-03,-57.537809E-03
+2.029000E-03,-25.896993E-03,+17.839074E-03
+2.032000E-03,-25.896993E-03,-62.562935E-03
+2.035000E-03,-15.846741E-03,-2.261428E-03
+2.038000E-03,-15.846741E-03,-37.437307E-03
+2.041000E-03,-25.896993E-03,+17.839074E-03
+2.044000E-03,-25.896993E-03,-62.562935E-03
+2.047000E-03,-25.896993E-03,+17.839074E-03
+2.050000E-03,-25.896993E-03,-12.311679E-03
+2.053000E-03,-18.359304E-03,-62.562935E-03
+2.056000E-03,-25.896993E-03,-62.562935E-03
+2.059000E-03,-13.334179E-03,-7.286554E-03
+2.062000E-03,-25.896993E-03,+17.839074E-03
+2.065000E-03,-25.896993E-03,+22.864200E-03
+2.068000E-03,+9.278886E-03,-52.512684E-03
+2.071000E-03,-25.896993E-03,+17.839074E-03
+2.074000E-03,-25.896993E-03,+2.763697E-03
+2.077000E-03,-20.871867E-03,+17.839074E-03
+2.080000E-03,-25.896993E-03,-27.387056E-03
+2.083000E-03,-25.896993E-03,-57.537809E-03
+2.086000E-03,-5.796490E-03,+17.839074E-03
+2.089000E-03,+6.766324E-03,-47.487558E-03
+2.092000E-03,-25.896993E-03,-2.261428E-03
+2.095000E-03,-25.896993E-03,+17.839074E-03
+2.098000E-03,-25.896993E-03,+7.788823E-03
+2.101000E-03,-25.896993E-03,-22.361930E-03
+2.104000E-03,-25.896993E-03,+17.839074E-03
+2.107000E-03,-25.896993E-03,+17.839074E-03
+2.110000E-03,-25.896993E-03,-72.613186E-03
+2.113000E-03,-25.896993E-03,-42.462433E-03
+2.116000E-03,-25.896993E-03,-32.412182E-03
+2.119000E-03,-25.896993E-03,+17.839074E-03
+2.122000E-03,-5.796490E-03,-22.361930E-03
+2.125000E-03,+14.304012E-03,+17.839074E-03
+2.128000E-03,-25.896993E-03,-32.412182E-03
+2.131000E-03,-25.896993E-03,+17.839074E-03
+2.134000E-03,-18.359304E-03,-42.462433E-03
+2.137000E-03,-25.896993E-03,-27.387056E-03
+2.140000E-03,-25.896993E-03,-57.537809E-03
+2.143000E-03,-25.896993E-03,+17.839074E-03
+2.146000E-03,-25.896993E-03,-47.487558E-03
+2.149000E-03,-25.896993E-03,+17.839074E-03
+2.152000E-03,+1.741198E-03,+17.839074E-03
+2.155000E-03,-25.896993E-03,+17.839074E-03
+2.158000E-03,-8.309053E-03,-62.562935E-03
+2.161000E-03,-25.896993E-03,+98.241083E-03
+2.164000E-03,-10.821616E-03,+17.839074E-03
+2.167000E-03,-25.896993E-03,-47.487558E-03
+2.170000E-03,-25.896993E-03,+17.839074E-03
+2.173000E-03,-771.365E-06,+17.839074E-03
+2.176000E-03,-25.896993E-03,-52.512684E-03
+2.179000E-03,-25.896993E-03,+17.839074E-03
+2.182000E-03,+14.304012E-03,-62.562935E-03
+2.185000E-03,-25.896993E-03,+17.839074E-03
+2.188000E-03,-35.947244E-03,-112.814191E-03
+2.191000E-03,-25.896993E-03,+2.763697E-03
+2.194000E-03,-10.821616E-03,+17.839074E-03
+2.197000E-03,-25.896993E-03,+17.839074E-03
+2.200000E-03,-25.896993E-03,-17.336805E-03
+2.203000E-03,-25.896993E-03,-52.512684E-03
+2.206000E-03,+1.741198E-03,-2.261428E-03
+2.209000E-03,-15.846741E-03,-37.437307E-03
+2.212000E-03,-25.896993E-03,+7.788823E-03
+2.215000E-03,-10.821616E-03,+17.839074E-03
+2.218000E-03,-25.896993E-03,+17.839074E-03
+2.221000E-03,-25.896993E-03,-27.387056E-03
+2.224000E-03,-20.871867E-03,+7.788823E-03
+2.227000E-03,-25.896993E-03,+17.839074E-03
+2.230000E-03,-771.365E-06,-32.412182E-03
+2.233000E-03,+9.278886E-03,+12.813949E-03
+2.236000E-03,-25.896993E-03,-17.336805E-03
+2.239000E-03,-66.097997E-03,+17.839074E-03
+2.242000E-03,-25.896993E-03,-32.412182E-03
+2.245000E-03,-25.896993E-03,+17.839074E-03
+2.248000E-03,-25.896993E-03,+17.839074E-03
+2.251000E-03,+14.304012E-03,-27.387056E-03
+2.254000E-03,-25.896993E-03,+17.839074E-03
+2.257000E-03,-25.896993E-03,-22.361930E-03
+2.260000E-03,+9.278886E-03,-62.562935E-03
+2.263000E-03,-25.896993E-03,+17.839074E-03
+2.266000E-03,-25.896993E-03,-22.361930E-03
+2.269000E-03,-25.896993E-03,+17.839074E-03
+2.272000E-03,-25.896993E-03,+17.839074E-03
+2.275000E-03,+14.304012E-03,-62.562935E-03
+2.278000E-03,-25.896993E-03,+17.839074E-03
+2.281000E-03,-25.896993E-03,-47.487558E-03
+2.284000E-03,-25.896993E-03,-37.437307E-03
+2.287000E-03,-25.896993E-03,-7.286554E-03
+2.290000E-03,-25.896993E-03,-62.562935E-03
+2.293000E-03,-5.796490E-03,-22.361930E-03
+2.296000E-03,-25.896993E-03,+17.839074E-03
+2.299000E-03,-25.896993E-03,+42.964702E-03
+2.302000E-03,-18.359304E-03,-62.562935E-03
+2.305000E-03,-25.896993E-03,+2.763697E-03
+2.308000E-03,-25.896993E-03,-62.562935E-03
+2.311000E-03,-25.896993E-03,+17.839074E-03
+2.314000E-03,-25.896993E-03,+17.839074E-03
+2.317000E-03,-25.896993E-03,+12.813949E-03
+2.320000E-03,-13.334179E-03,-7.286554E-03
+2.323000E-03,-25.896993E-03,-2.261428E-03
+2.326000E-03,-20.871867E-03,-47.487558E-03
+2.329000E-03,-25.896993E-03,+17.839074E-03
+2.332000E-03,-25.896993E-03,+17.839074E-03
+2.335000E-03,-25.896993E-03,+17.839074E-03
+2.338000E-03,+6.766324E-03,+7.788823E-03
+2.341000E-03,-25.896993E-03,+17.839074E-03
+2.344000E-03,-15.846741E-03,+42.964702E-03
+2.347000E-03,-23.384430E-03,+17.839074E-03
+2.350000E-03,-25.896993E-03,+17.839074E-03
+2.353000E-03,+11.791449E-03,-62.562935E-03
+2.356000E-03,-25.896993E-03,-12.311679E-03
+2.359000E-03,+14.304012E-03,+17.839074E-03
+2.362000E-03,-18.359304E-03,+2.763697E-03
+2.365000E-03,-771.365E-06,-7.286554E-03
+2.368000E-03,-25.896993E-03,+17.839074E-03
+2.371000E-03,-25.896993E-03,-17.336805E-03
+2.374000E-03,-63.585434E-03,+12.813949E-03
+2.377000E-03,-25.896993E-03,+17.839074E-03
+2.380000E-03,-25.896993E-03,-2.261428E-03
+2.383000E-03,-20.871867E-03,+17.839074E-03
+2.386000E-03,-25.896993E-03,-27.387056E-03
+2.389000E-03,-25.896993E-03,+98.241083E-03
+2.392000E-03,+14.304012E-03,-12.311679E-03
+2.395000E-03,+6.766324E-03,+78.140581E-03
+2.398000E-03,-25.896993E-03,+17.839074E-03
+2.401000E-03,-25.896993E-03,-62.562935E-03
+2.404000E-03,+14.304012E-03,+17.839074E-03
+2.407000E-03,+14.304012E-03,-17.336805E-03
+2.410000E-03,-25.896993E-03,+17.839074E-03
+2.413000E-03,-3.283927E-03,+17.839074E-03
+2.416000E-03,+4.253761E-03,+17.839074E-03
+2.419000E-03,-25.896993E-03,+17.839074E-03
+2.422000E-03,-25.896993E-03,-2.261428E-03
+2.425000E-03,+9.278886E-03,+17.839074E-03
+2.428000E-03,-25.896993E-03,-17.336805E-03
+2.431000E-03,+9.278886E-03,-52.512684E-03
+2.434000E-03,-771.365E-06,-62.562935E-03
+2.437000E-03,+4.253761E-03,+17.839074E-03
+2.440000E-03,-25.896993E-03,-47.487558E-03
+2.443000E-03,+14.304012E-03,-62.562935E-03
+2.446000E-03,+14.304012E-03,+17.839074E-03
+2.449000E-03,-25.896993E-03,-22.361930E-03
+2.452000E-03,-25.896993E-03,+17.839074E-03
+2.455000E-03,+14.304012E-03,-62.562935E-03
+2.458000E-03,-15.846741E-03,+17.839074E-03
+2.461000E-03,+14.304012E-03,+7.788823E-03
+2.464000E-03,-25.896993E-03,-22.361930E-03
+2.467000E-03,-25.896993E-03,-57.537809E-03
+2.470000E-03,-3.283927E-03,-27.387056E-03
+2.473000E-03,-20.871867E-03,-32.412182E-03
+2.476000E-03,-18.359304E-03,+17.839074E-03
+2.479000E-03,+14.304012E-03,+47.989828E-03
+2.482000E-03,-25.896993E-03,+17.839074E-03
+2.485000E-03,-8.309053E-03,+17.839074E-03
+2.488000E-03,-25.896993E-03,+12.813949E-03
+2.491000E-03,-13.334179E-03,+17.839074E-03
+2.494000E-03,+4.253761E-03,+17.839074E-03
+2.497000E-03,-20.871867E-03,+7.788823E-03
+2.500000E-03,-10.821616E-03,+113.316460E-03
+2.503000E-03,-25.896993E-03,+17.839074E-03
+2.506000E-03,+14.304012E-03,-62.562935E-03
+2.509000E-03,+6.766324E-03,+17.839074E-03
+2.512000E-03,+1.741198E-03,-62.562935E-03
+2.515000E-03,-15.846741E-03,+17.839074E-03
+2.518000E-03,+6.766324E-03,-47.487558E-03
+2.521000E-03,+14.304012E-03,-22.361930E-03
+2.524000E-03,-25.896993E-03,+17.839074E-03
+2.527000E-03,-10.821616E-03,+17.839074E-03
+2.530000E-03,-25.896993E-03,+17.839074E-03
+2.533000E-03,-25.896993E-03,+17.839074E-03
+2.536000E-03,-25.896993E-03,-7.286554E-03
+2.539000E-03,-25.896993E-03,+17.839074E-03
+2.542000E-03,-5.796490E-03,+17.839074E-03
+2.545000E-03,+9.278886E-03,+12.813949E-03
+2.548000E-03,-13.334179E-03,-7.286554E-03
+2.551000E-03,+14.304012E-03,+17.839074E-03
+2.554000E-03,+4.253761E-03,+17.839074E-03
+2.557000E-03,-3.283927E-03,+2.763697E-03
+2.560000E-03,+11.791449E-03,+17.839074E-03
+2.563000E-03,-25.896993E-03,+17.839074E-03
+2.566000E-03,-23.384430E-03,+12.813949E-03
+2.569000E-03,-15.846741E-03,-2.261428E-03
+2.572000E-03,+1.741198E-03,+17.839074E-03
+2.575000E-03,-20.871867E-03,-47.487558E-03
+2.578000E-03,-25.896993E-03,-117.839316E-03
+2.581000E-03,+14.304012E-03,+17.839074E-03
+2.584000E-03,-25.896993E-03,+17.839074E-03
+2.587000E-03,+14.304012E-03,-62.562935E-03
+2.590000E-03,+1.741198E-03,+17.839074E-03
+2.593000E-03,-771.365E-06,+17.839074E-03
+2.596000E-03,+9.278886E-03,+12.813949E-03
+2.599000E-03,-5.796490E-03,+17.839074E-03
+2.602000E-03,+9.278886E-03,+2.763697E-03
+2.605000E-03,-13.334179E-03,-32.412182E-03
+2.608000E-03,+4.253761E-03,+17.839074E-03
+2.611000E-03,-25.896993E-03,+17.839074E-03
+2.614000E-03,-3.283927E-03,-62.562935E-03
+2.617000E-03,-25.896993E-03,-62.562935E-03
+2.620000E-03,-25.896993E-03,-17.336805E-03
+2.623000E-03,-25.896993E-03,-52.512684E-03
+2.626000E-03,+1.741198E-03,+78.140581E-03
+2.629000E-03,+1.741198E-03,-37.437307E-03
+2.632000E-03,-25.896993E-03,+17.839074E-03
+2.635000E-03,+14.304012E-03,-27.387056E-03
+2.638000E-03,+11.791449E-03,+17.839074E-03
+2.641000E-03,+14.304012E-03,-12.311679E-03
+2.644000E-03,-25.896993E-03,+17.839074E-03
+2.647000E-03,-15.846741E-03,-2.261428E-03
+2.650000E-03,-25.896993E-03,+17.839074E-03
+2.653000E-03,+9.278886E-03,-42.462433E-03
+2.656000E-03,-8.309053E-03,+133.416962E-03
+2.659000E-03,-25.896993E-03,+17.839074E-03
+2.662000E-03,+14.304012E-03,-32.412182E-03
+2.665000E-03,-18.359304E-03,+2.763697E-03
+2.668000E-03,+14.304012E-03,+2.763697E-03
+2.671000E-03,-13.334179E-03,+17.839074E-03
+2.674000E-03,-25.896993E-03,+17.839074E-03
+2.677000E-03,-8.309053E-03,-22.361930E-03
+2.680000E-03,-23.384430E-03,+37.939576E-03
+2.683000E-03,-25.896993E-03,-7.286554E-03
+2.686000E-03,-25.896993E-03,+17.839074E-03
+2.689000E-03,-25.896993E-03,-62.562935E-03
+2.692000E-03,-3.283927E-03,+17.839074E-03
+2.695000E-03,+11.791449E-03,-62.562935E-03
+2.698000E-03,-10.821616E-03,-12.311679E-03
+2.701000E-03,+14.304012E-03,+17.839074E-03
+2.704000E-03,-15.846741E-03,-62.562935E-03
+2.707000E-03,-25.896993E-03,+17.839074E-03
+2.710000E-03,-23.384430E-03,+12.813949E-03
+2.713000E-03,-25.896993E-03,+17.839074E-03
+2.716000E-03,-25.896993E-03,+17.839074E-03
+2.719000E-03,-771.365E-06,-7.286554E-03
+2.722000E-03,-18.359304E-03,+2.763697E-03
+2.725000E-03,-18.359304E-03,+17.839074E-03
+2.728000E-03,-25.896993E-03,-32.412182E-03
+2.731000E-03,+11.791449E-03,+22.864200E-03
+2.734000E-03,+14.304012E-03,-17.336805E-03
+2.737000E-03,-23.384430E-03,-52.512684E-03
+2.740000E-03,+26.866826E-03,-7.286554E-03
+2.743000E-03,-25.896993E-03,+17.839074E-03
+2.746000E-03,-61.072872E-03,+17.839074E-03
+2.749000E-03,-10.821616E-03,+68.090330E-03
+2.752000E-03,-25.896993E-03,-62.562935E-03
+2.755000E-03,-25.896993E-03,+17.839074E-03
+2.758000E-03,-20.871867E-03,+32.914451E-03
+2.761000E-03,-25.896993E-03,+17.839074E-03
+2.764000E-03,-15.846741E-03,-62.562935E-03
+2.767000E-03,-23.384430E-03,-62.562935E-03
+2.770000E-03,-5.796490E-03,-22.361930E-03
+2.773000E-03,-25.896993E-03,+17.839074E-03
+2.776000E-03,-10.821616E-03,-12.311679E-03
+2.779000E-03,+14.304012E-03,-62.562935E-03
+2.782000E-03,+4.253761E-03,+2.763697E-03
+2.785000E-03,-25.896993E-03,-7.286554E-03
+2.788000E-03,+9.278886E-03,+12.813949E-03
+2.791000E-03,-8.309053E-03,+17.839074E-03
+2.794000E-03,-25.896993E-03,+12.813949E-03
+2.797000E-03,-771.365E-06,+17.839074E-03
+2.800000E-03,+4.253761E-03,+17.839074E-03
+2.803000E-03,-20.871867E-03,+7.788823E-03
+2.806000E-03,-3.283927E-03,-27.387056E-03
+2.809000E-03,+11.791449E-03,+17.839074E-03
+2.812000E-03,-8.309053E-03,+17.839074E-03
+2.815000E-03,-20.871867E-03,+7.788823E-03
+2.818000E-03,+1.741198E-03,-37.437307E-03
+2.821000E-03,-25.896993E-03,-37.437307E-03
+2.824000E-03,-25.896993E-03,+7.788823E-03
+2.827000E-03,-25.896993E-03,+17.839074E-03
+2.830000E-03,+11.791449E-03,-62.562935E-03
+2.833000E-03,-10.821616E-03,-12.311679E-03
+2.836000E-03,+4.253761E-03,-42.462433E-03
+2.839000E-03,+4.253761E-03,+17.839074E-03
+2.842000E-03,-25.896993E-03,-7.286554E-03
+2.845000E-03,+9.278886E-03,+17.839074E-03
+2.848000E-03,-8.309053E-03,+17.839074E-03
+2.851000E-03,+9.278886E-03,-52.512684E-03
+2.854000E-03,-25.896993E-03,+17.839074E-03
+2.857000E-03,-25.896993E-03,-42.462433E-03
+2.860000E-03,-25.896993E-03,+73.115455E-03
+2.863000E-03,-3.283927E-03,+17.839074E-03
+2.866000E-03,+11.791449E-03,-62.562935E-03
+2.869000E-03,-8.309053E-03,-17.336805E-03
+2.872000E-03,-25.896993E-03,+17.839074E-03
+2.875000E-03,-25.896993E-03,-153.015195E-03
+2.878000E-03,-25.896993E-03,-62.562935E-03
+2.881000E-03,-25.896993E-03,-47.487558E-03
+2.884000E-03,-8.309053E-03,-22.361930E-03
+2.887000E-03,+14.304012E-03,+17.839074E-03
+2.890000E-03,-10.821616E-03,-12.311679E-03
+2.893000E-03,+6.766324E-03,-47.487558E-03
+2.896000E-03,-25.896993E-03,+17.839074E-03
+2.899000E-03,+14.304012E-03,-32.412182E-03
+2.902000E-03,-23.384430E-03,-52.512684E-03
+2.905000E-03,-5.796490E-03,-22.361930E-03
+2.908000E-03,+9.278886E-03,+17.839074E-03
+2.911000E-03,-771.365E-06,-7.286554E-03
+2.914000E-03,-18.359304E-03,+17.839074E-03
+2.917000E-03,+4.253761E-03,-42.462433E-03
+2.920000E-03,-25.896993E-03,+17.839074E-03
+2.923000E-03,+11.791449E-03,+17.839074E-03
+2.926000E-03,-5.796490E-03,-22.361930E-03
+2.929000E-03,-23.384430E-03,+17.839074E-03
+2.932000E-03,+14.304012E-03,+17.839074E-03
+2.935000E-03,+1.741198E-03,-2.261428E-03
+2.938000E-03,-25.896993E-03,+7.788823E-03
+2.941000E-03,-3.283927E-03,+17.839074E-03
+2.944000E-03,+11.791449E-03,-57.537809E-03
+2.947000E-03,-25.896993E-03,+17.839074E-03
+2.950000E-03,+6.766324E-03,-47.487558E-03
+2.953000E-03,-25.896993E-03,+37.939576E-03
+2.956000E-03,-25.896993E-03,-7.286554E-03
+2.959000E-03,-25.896993E-03,+17.839074E-03
+2.962000E-03,-5.796490E-03,+17.839074E-03
+2.965000E-03,+9.278886E-03,-52.512684E-03
+2.968000E-03,-771.365E-06,+17.839074E-03
+2.971000E-03,-25.896993E-03,-42.462433E-03
+2.974000E-03,-25.896993E-03,+17.839074E-03
+2.977000E-03,-25.896993E-03,+17.839074E-03
+2.980000E-03,-25.896993E-03,+98.241083E-03
+2.983000E-03,-25.896993E-03,-62.562935E-03
+2.986000E-03,+14.304012E-03,-52.512684E-03
+2.989000E-03,-15.846741E-03,-62.562935E-03
+2.992000E-03,-15.846741E-03,-62.562935E-03
+2.995000E-03,+6.766324E-03,+17.839074E-03
+2.998000E-03,-3.283927E-03,+17.839074E-03
+3.001000E-03,-25.896993E-03,+17.839074E-03
+3.004000E-03,+14.304012E-03,+17.839074E-03
+3.007000E-03,+6.766324E-03,+17.839074E-03
+3.010000E-03,+1.741198E-03,-17.336805E-03
+3.013000E-03,-771.365E-06,+17.839074E-03
+3.016000E-03,-25.896993E-03,+17.839074E-03
+3.019000E-03,-5.796490E-03,-22.361930E-03
+3.022000E-03,+11.791449E-03,-57.537809E-03
+3.025000E-03,-25.896993E-03,-32.412182E-03
+3.028000E-03,-25.896993E-03,+17.839074E-03
+3.031000E-03,-25.896993E-03,+68.090330E-03
+3.034000E-03,+14.304012E-03,-7.286554E-03
+3.037000E-03,+14.304012E-03,-62.562935E-03
+3.040000E-03,+14.304012E-03,+17.839074E-03
+3.043000E-03,+9.278886E-03,+17.839074E-03
+3.046000E-03,+14.304012E-03,-32.412182E-03
+3.049000E-03,-15.846741E-03,+17.839074E-03
+3.052000E-03,+14.304012E-03,-62.562935E-03
+3.055000E-03,-25.896993E-03,+17.839074E-03
+3.058000E-03,-25.896993E-03,-62.562935E-03
+3.061000E-03,-3.283927E-03,-27.387056E-03
+3.064000E-03,+6.766324E-03,-47.487558E-03
+3.067000E-03,-15.846741E-03,+17.839074E-03
+3.070000E-03,-13.334179E-03,-62.562935E-03
+3.073000E-03,+9.278886E-03,-52.512684E-03
+3.076000E-03,-8.309053E-03,-62.562935E-03
+3.079000E-03,-25.896993E-03,+17.839074E-03
+3.082000E-03,-771.365E-06,+17.839074E-03
+3.085000E-03,+4.253761E-03,-42.462433E-03
+3.088000E-03,+4.253761E-03,-42.462433E-03
+3.091000E-03,-771.365E-06,+47.989828E-03
+3.094000E-03,+14.304012E-03,-57.537809E-03
+3.097000E-03,-25.896993E-03,+17.839074E-03
+3.100000E-03,-23.384430E-03,+12.813949E-03
+3.103000E-03,-771.365E-06,-32.412182E-03
+3.106000E-03,-25.896993E-03,-37.437307E-03
+3.109000E-03,-25.896993E-03,-47.487558E-03
+3.112000E-03,-3.283927E-03,+17.839074E-03
+3.115000E-03,+14.304012E-03,+17.839074E-03
+3.118000E-03,-25.896993E-03,-12.311679E-03
+3.121000E-03,-25.896993E-03,+32.914451E-03
+3.124000E-03,-25.896993E-03,+17.839074E-03
+3.127000E-03,-25.896993E-03,+17.839074E-03
+3.130000E-03,+14.304012E-03,+12.813949E-03
+3.133000E-03,-25.896993E-03,+17.839074E-03
+3.136000E-03,-25.896993E-03,+17.839074E-03
+3.139000E-03,+14.304012E-03,-62.562935E-03
+3.142000E-03,+4.253761E-03,+17.839074E-03
+3.145000E-03,-18.359304E-03,+17.839074E-03
+3.148000E-03,-771.365E-06,-7.286554E-03
+3.151000E-03,-25.896993E-03,+17.839074E-03
+3.154000E-03,-5.796490E-03,-17.336805E-03
+3.157000E-03,-25.896993E-03,+17.839074E-03
+3.160000E-03,-25.896993E-03,-7.286554E-03
+3.163000E-03,+4.253761E-03,-42.462433E-03
+3.166000E-03,-20.871867E-03,+17.839074E-03
+3.169000E-03,-3.283927E-03,-12.311679E-03
+3.172000E-03,+14.304012E-03,+17.839074E-03
+3.175000E-03,+14.304012E-03,-62.562935E-03
+3.178000E-03,-20.871867E-03,+17.839074E-03
+3.181000E-03,+1.741198E-03,+17.839074E-03
+3.184000E-03,+1.741198E-03,-62.562935E-03
+3.187000E-03,+14.304012E-03,-42.462433E-03
+3.190000E-03,-25.896993E-03,+17.839074E-03
+3.193000E-03,-25.896993E-03,+17.839074E-03
+3.196000E-03,-3.283927E-03,-27.387056E-03
+3.199000E-03,-25.896993E-03,-42.462433E-03
+3.202000E-03,-25.896993E-03,+17.839074E-03
+3.205000E-03,-771.365E-06,-62.562935E-03
+3.208000E-03,-23.384430E-03,+12.813949E-03
+3.211000E-03,+14.304012E-03,-22.361930E-03
+3.214000E-03,-25.896993E-03,+108.291334E-03
+3.217000E-03,-25.896993E-03,-7.286554E-03
+3.220000E-03,+14.304012E-03,+2.763697E-03
+3.223000E-03,-20.871867E-03,-62.562935E-03
+3.226000E-03,-3.283927E-03,+17.839074E-03
+3.229000E-03,+14.304012E-03,-57.537809E-03
+3.232000E-03,-5.796490E-03,+17.839074E-03
+3.235000E-03,+14.304012E-03,-62.562935E-03
+3.238000E-03,-15.846741E-03,-37.437307E-03
+3.241000E-03,-25.896993E-03,+17.839074E-03
+3.244000E-03,+6.766324E-03,-47.487558E-03
+3.247000E-03,-25.896993E-03,+17.839074E-03
+3.250000E-03,-25.896993E-03,-57.537809E-03
+3.253000E-03,-25.896993E-03,+17.839074E-03
+3.256000E-03,+6.766324E-03,-47.487558E-03
+3.259000E-03,+4.253761E-03,-62.562935E-03
+3.262000E-03,-25.896993E-03,-62.562935E-03
+3.265000E-03,+9.278886E-03,+17.839074E-03
+3.268000E-03,+14.304012E-03,+17.839074E-03
+3.271000E-03,-25.896993E-03,+88.190832E-03
+3.274000E-03,-25.896993E-03,+73.115455E-03
+3.277000E-03,+14.304012E-03,+17.839074E-03
+3.280000E-03,-25.896993E-03,-42.462433E-03
+3.283000E-03,-25.896993E-03,-62.562935E-03
+3.286000E-03,-25.896993E-03,+17.839074E-03
+3.289000E-03,-5.796490E-03,-62.562935E-03
+3.292000E-03,-25.896993E-03,-47.487558E-03
+3.295000E-03,-15.846741E-03,-37.437307E-03
+3.298000E-03,+1.741198E-03,-12.311679E-03
+3.301000E-03,+14.304012E-03,+7.788823E-03
+3.304000E-03,+14.304012E-03,-62.562935E-03
+3.307000E-03,-25.896993E-03,+17.839074E-03
+3.310000E-03,+14.304012E-03,-62.562935E-03
+3.313000E-03,+6.766324E-03,+7.788823E-03
+3.316000E-03,+4.253761E-03,+17.839074E-03
+3.319000E-03,+14.304012E-03,-62.562935E-03
+3.322000E-03,+14.304012E-03,-52.512684E-03
+3.325000E-03,-25.896993E-03,+17.839074E-03
+3.328000E-03,-23.384430E-03,+12.813949E-03
+3.331000E-03,-25.896993E-03,-32.412182E-03
+3.334000E-03,+4.253761E-03,+17.839074E-03
+3.337000E-03,-25.896993E-03,-42.462433E-03
+3.340000E-03,+14.304012E-03,-27.387056E-03
+3.343000E-03,-25.896993E-03,+17.839074E-03
+3.346000E-03,-5.796490E-03,+17.839074E-03
+3.349000E-03,-25.896993E-03,+17.839074E-03
+3.352000E-03,+1.741198E-03,-37.437307E-03
+3.355000E-03,-15.846741E-03,+17.839074E-03
+3.358000E-03,-25.896993E-03,+17.839074E-03
+3.361000E-03,+14.304012E-03,-27.387056E-03
+3.364000E-03,+14.304012E-03,+17.839074E-03
+3.367000E-03,-25.896993E-03,+17.839074E-03
+3.370000E-03,-20.871867E-03,+168.592841E-03
+3.373000E-03,+1.741198E-03,+17.839074E-03
+3.376000E-03,+14.304012E-03,+17.839074E-03
+3.379000E-03,+14.304012E-03,+12.813949E-03
+3.382000E-03,-5.796490E-03,+17.839074E-03
+3.385000E-03,-25.896993E-03,+17.839074E-03
+3.388000E-03,-771.365E-06,+17.839074E-03
+3.391000E-03,-25.896993E-03,+17.839074E-03
+3.394000E-03,-18.359304E-03,+17.839074E-03
+3.397000E-03,-25.896993E-03,+73.115455E-03
+3.400000E-03,-25.896993E-03,+22.864200E-03
+3.403000E-03,-5.796490E-03,-22.361930E-03
+3.406000E-03,-23.384430E-03,+17.839074E-03
+3.409000E-03,-15.846741E-03,-2.261428E-03
+3.412000E-03,+14.304012E-03,+17.839074E-03
+3.415000E-03,-25.896993E-03,+17.839074E-03
+3.418000E-03,+14.304012E-03,-27.387056E-03
+3.421000E-03,-25.896993E-03,+98.241083E-03
+3.424000E-03,-10.821616E-03,+17.839074E-03
+3.427000E-03,-25.896993E-03,+7.788823E-03
+3.430000E-03,+14.304012E-03,-37.437307E-03
+3.433000E-03,-13.334179E-03,-7.286554E-03
+3.436000E-03,+9.278886E-03,+17.839074E-03
+3.439000E-03,+14.304012E-03,+17.839074E-03
+3.442000E-03,+11.791449E-03,+17.839074E-03
+3.445000E-03,-13.334179E-03,+17.839074E-03
+3.448000E-03,+14.304012E-03,+17.839074E-03
+3.451000E-03,-25.896993E-03,-62.562935E-03
+3.454000E-03,-771.365E-06,+17.839074E-03
+3.457000E-03,+11.791449E-03,-52.512684E-03
+3.460000E-03,-25.896993E-03,+63.065204E-03
+3.463000E-03,-25.896993E-03,+27.889325E-03
+3.466000E-03,-25.896993E-03,-7.286554E-03
+3.469000E-03,+1.741198E-03,-37.437307E-03
+3.472000E-03,-25.896993E-03,-32.412182E-03
+3.475000E-03,+14.304012E-03,-27.387056E-03
+3.478000E-03,+14.304012E-03,+17.839074E-03
+3.481000E-03,-25.896993E-03,-12.311679E-03
+3.484000E-03,-25.896993E-03,-47.487558E-03
+3.487000E-03,-15.846741E-03,-37.437307E-03
+3.490000E-03,-25.896993E-03,+17.839074E-03
+3.493000E-03,+14.304012E-03,+17.839074E-03
+3.496000E-03,-8.309053E-03,+17.839074E-03
+3.499000E-03,-25.896993E-03,-52.512684E-03
+3.502000E-03,-3.283927E-03,+17.839074E-03
+3.505000E-03,+4.253761E-03,+17.839074E-03
+3.508000E-03,+14.304012E-03,+17.839074E-03
+3.511000E-03,-13.334179E-03,-7.286554E-03
+3.514000E-03,-23.384430E-03,+17.839074E-03
+3.517000E-03,-8.309053E-03,+17.839074E-03
+3.520000E-03,+9.278886E-03,+17.839074E-03
+3.523000E-03,+14.304012E-03,+17.839074E-03
+3.526000E-03,+14.304012E-03,+37.939576E-03
+3.529000E-03,+14.304012E-03,+17.839074E-03
+3.532000E-03,-10.821616E-03,+17.839074E-03
+3.535000E-03,+11.791449E-03,+17.839074E-03
+3.538000E-03,-3.283927E-03,-12.311679E-03
+3.541000E-03,+6.766324E-03,+17.839074E-03
+3.544000E-03,-15.846741E-03,-2.261428E-03
+3.547000E-03,+14.304012E-03,+17.839074E-03
+3.550000E-03,-25.896993E-03,+17.839074E-03
+3.553000E-03,-5.796490E-03,+17.839074E-03
+3.556000E-03,-25.896993E-03,+98.241083E-03
+3.559000E-03,-10.821616E-03,+17.839074E-03
+3.562000E-03,-25.896993E-03,+17.839074E-03
+3.565000E-03,+4.253761E-03,+17.839074E-03
+3.568000E-03,-771.365E-06,+17.839074E-03
+3.571000E-03,-25.896993E-03,-52.512684E-03
+3.574000E-03,-5.796490E-03,+17.839074E-03
+3.577000E-03,-25.896993E-03,-62.562935E-03
+3.580000E-03,+14.304012E-03,-32.412182E-03
+3.583000E-03,+21.841700E-03,+2.763697E-03
+3.586000E-03,+6.766324E-03,-47.487558E-03
+3.589000E-03,-25.896993E-03,+17.839074E-03
+3.592000E-03,+14.304012E-03,+17.839074E-03
+3.595000E-03,-25.896993E-03,-17.336805E-03
+3.598000E-03,+14.304012E-03,+17.839074E-03
+3.601000E-03,+14.304012E-03,+17.839074E-03
+3.604000E-03,+1.741198E-03,+17.839074E-03
+3.607000E-03,+6.766324E-03,+7.788823E-03
+3.610000E-03,-25.896993E-03,+17.839074E-03
+3.613000E-03,-25.896993E-03,+17.839074E-03
+3.616000E-03,-25.896993E-03,+17.839074E-03
+3.619000E-03,+14.304012E-03,-47.487558E-03
+3.622000E-03,-25.896993E-03,+17.839074E-03
+3.625000E-03,-13.334179E-03,+47.989828E-03
+3.628000E-03,+9.278886E-03,+12.813949E-03
+3.631000E-03,-25.896993E-03,-17.336805E-03
+3.634000E-03,-25.896993E-03,+12.813949E-03
+3.637000E-03,+14.304012E-03,+17.839074E-03
+3.640000E-03,+14.304012E-03,+17.839074E-03
+3.643000E-03,+6.766324E-03,+32.914451E-03
+3.646000E-03,-10.821616E-03,-27.387056E-03
+3.649000E-03,-25.896993E-03,+17.839074E-03
+3.652000E-03,-5.796490E-03,+17.839074E-03
+3.655000E-03,-25.896993E-03,-47.487558E-03
+3.658000E-03,+1.741198E-03,-37.437307E-03
+3.661000E-03,-25.896993E-03,+17.839074E-03
+3.664000E-03,+6.766324E-03,+17.839074E-03
+3.667000E-03,-8.309053E-03,+17.839074E-03
+3.670000E-03,-25.896993E-03,+17.839074E-03
+3.673000E-03,+14.304012E-03,+17.839074E-03
+3.676000E-03,+6.766324E-03,+17.839074E-03
+3.679000E-03,+14.304012E-03,-42.462433E-03
+3.682000E-03,-25.896993E-03,-7.286554E-03
+3.685000E-03,+9.278886E-03,+17.839074E-03
+3.688000E-03,-25.896993E-03,-17.336805E-03
+3.691000E-03,-25.896993E-03,+12.813949E-03
+3.694000E-03,-25.896993E-03,+17.839074E-03
+3.697000E-03,-18.359304E-03,+17.839074E-03
+3.700000E-03,-25.896993E-03,+17.839074E-03
+3.703000E-03,-10.821616E-03,-12.311679E-03
+3.706000E-03,+11.791449E-03,-57.537809E-03
+3.709000E-03,-5.796490E-03,+12.813949E-03
+3.712000E-03,+14.304012E-03,+93.215958E-03
+3.715000E-03,+14.304012E-03,+42.964702E-03
+3.718000E-03,-25.896993E-03,+17.839074E-03
+3.721000E-03,-25.896993E-03,+7.788823E-03
+3.724000E-03,-25.896993E-03,-27.387056E-03
+3.727000E-03,-25.896993E-03,+17.839074E-03
+3.730000E-03,-25.896993E-03,+53.014953E-03
+3.733000E-03,+14.304012E-03,+7.788823E-03
+3.736000E-03,+14.304012E-03,-37.437307E-03
+3.739000E-03,-25.896993E-03,-32.412182E-03
+3.742000E-03,+14.304012E-03,+12.813949E-03
+3.745000E-03,+14.304012E-03,-17.336805E-03
+3.748000E-03,-23.384430E-03,-52.512684E-03
+3.751000E-03,+14.304012E-03,-7.286554E-03
+3.754000E-03,-25.896993E-03,+98.241083E-03
+3.757000E-03,-25.896993E-03,+17.839074E-03
+3.760000E-03,+14.304012E-03,-62.562935E-03
+3.763000E-03,+14.304012E-03,+17.839074E-03
+3.766000E-03,+14.304012E-03,-22.361930E-03
+3.769000E-03,+14.304012E-03,-62.562935E-03
+3.772000E-03,+14.304012E-03,+17.839074E-03
+3.775000E-03,-15.846741E-03,-62.562935E-03
+3.778000E-03,-20.871867E-03,+17.839074E-03
+3.781000E-03,-10.821616E-03,-12.311679E-03
+3.784000E-03,+14.304012E-03,+22.864200E-03
+3.787000E-03,+14.304012E-03,+17.839074E-03
+3.790000E-03,-20.871867E-03,+32.914451E-03
+3.793000E-03,-25.896993E-03,+42.964702E-03
+3.796000E-03,-771.365E-06,-7.286554E-03
+3.799000E-03,-25.896993E-03,-52.512684E-03
+3.802000E-03,-25.896993E-03,-17.336805E-03
+3.805000E-03,+14.304012E-03,-57.537809E-03
+3.808000E-03,+14.304012E-03,-7.286554E-03
+3.811000E-03,-18.359304E-03,+17.839074E-03
+3.814000E-03,-25.896993E-03,+17.839074E-03
+3.817000E-03,-25.896993E-03,+17.839074E-03
+3.820000E-03,-25.896993E-03,+17.839074E-03
+3.823000E-03,+14.304012E-03,-22.361930E-03
+3.826000E-03,-25.896993E-03,-52.512684E-03
+3.829000E-03,-771.365E-06,+98.241083E-03
+3.832000E-03,-25.896993E-03,+17.839074E-03
+3.835000E-03,-25.896993E-03,+17.839074E-03
+3.838000E-03,-10.821616E-03,-12.311679E-03
+3.841000E-03,-25.896993E-03,-57.537809E-03
+3.844000E-03,+14.304012E-03,+53.014953E-03
+3.847000E-03,-20.871867E-03,+7.788823E-03
+3.850000E-03,+14.304012E-03,+17.839074E-03
+3.853000E-03,+14.304012E-03,+17.839074E-03
+3.856000E-03,-25.896993E-03,+17.839074E-03
+3.859000E-03,-5.796490E-03,+17.839074E-03
+3.862000E-03,+11.791449E-03,-57.537809E-03
+3.865000E-03,-771.365E-06,+17.839074E-03
+3.868000E-03,+4.253761E-03,+37.939576E-03
+3.871000E-03,+14.304012E-03,+17.839074E-03
+3.874000E-03,-25.896993E-03,+42.964702E-03
+3.877000E-03,-25.896993E-03,+17.839074E-03
+3.880000E-03,-25.896993E-03,-17.336805E-03
+3.883000E-03,+9.278886E-03,-52.512684E-03
+3.886000E-03,-771.365E-06,+17.839074E-03
+3.889000E-03,-15.846741E-03,-2.261428E-03
+3.892000E-03,+6.766324E-03,-47.487558E-03
+3.895000E-03,-25.896993E-03,+17.839074E-03
+3.898000E-03,+14.304012E-03,+98.241083E-03
+3.901000E-03,-3.283927E-03,+68.090330E-03
+3.904000E-03,+6.766324E-03,+88.190832E-03
+3.907000E-03,-25.896993E-03,+17.839074E-03
+3.910000E-03,+1.741198E-03,+17.839074E-03
+3.913000E-03,-23.384430E-03,+12.813949E-03
+3.916000E-03,-25.896993E-03,+17.839074E-03
+3.919000E-03,-25.896993E-03,+17.839074E-03
+3.922000E-03,+14.304012E-03,+17.839074E-03
+3.925000E-03,+4.253761E-03,+17.839074E-03
+3.928000E-03,-25.896993E-03,-228.392079E-03
+3.931000E-03,-13.334179E-03,-32.412182E-03
+3.934000E-03,-25.896993E-03,-62.562935E-03
+3.937000E-03,+14.304012E-03,+17.839074E-03
+3.940000E-03,+9.278886E-03,+108.291334E-03
+3.943000E-03,-771.365E-06,+178.643093E-03
+3.946000E-03,-25.896993E-03,+83.165707E-03
+3.949000E-03,+6.766324E-03,+17.839074E-03
+3.952000E-03,-25.896993E-03,-12.311679E-03
+3.955000E-03,-25.896993E-03,-57.537809E-03
+3.958000E-03,+14.304012E-03,+17.839074E-03
+3.961000E-03,-20.871867E-03,+17.839074E-03
+3.964000E-03,-25.896993E-03,+17.839074E-03
+3.967000E-03,+1.741198E-03,-37.437307E-03
+3.970000E-03,-25.896993E-03,+17.839074E-03
+3.973000E-03,-5.796490E-03,+17.839074E-03
+3.976000E-03,-25.896993E-03,+17.839074E-03
+3.979000E-03,-25.896993E-03,+148.492339E-03
+3.982000E-03,+14.304012E-03,+17.839074E-03
+3.985000E-03,-25.896993E-03,+17.839074E-03
+3.988000E-03,-771.365E-06,-32.412182E-03
+3.991000E-03,-23.384430E-03,+12.813949E-03
+3.994000E-03,-8.309053E-03,-22.361930E-03
+3.997000E-03,+14.304012E-03,+17.839074E-03
+4.000000E-03,+14.304012E-03,+17.839074E-03
+4.003000E-03,-25.896993E-03,-62.562935E-03
+4.006000E-03,+6.766324E-03,-112.814191E-03
+4.009000E-03,+14.304012E-03,+17.839074E-03
+4.012000E-03,+14.304012E-03,+17.839074E-03
+4.015000E-03,+14.304012E-03,-17.336805E-03
+4.018000E-03,-25.896993E-03,+98.241083E-03
+4.021000E-03,-15.846741E-03,-2.261428E-03
+4.024000E-03,+1.741198E-03,+17.839074E-03
+4.027000E-03,-25.896993E-03,+17.839074E-03
+4.030000E-03,-8.309053E-03,+17.839074E-03
+4.033000E-03,-25.896993E-03,+17.839074E-03
+4.036000E-03,-25.896993E-03,+17.839074E-03
+4.039000E-03,+14.304012E-03,+7.788823E-03
+4.042000E-03,-25.896993E-03,+17.839074E-03
+4.045000E-03,-771.365E-06,-32.412182E-03
+4.048000E-03,+14.304012E-03,+17.839074E-03
+4.051000E-03,-8.309053E-03,+17.839074E-03
+4.054000E-03,+14.304012E-03,+27.889325E-03
+4.057000E-03,-25.896993E-03,+17.839074E-03
+4.060000E-03,-25.896993E-03,-42.462433E-03
+4.063000E-03,-25.896993E-03,+17.839074E-03
+4.066000E-03,-3.283927E-03,+17.839074E-03
+4.069000E-03,+14.304012E-03,+17.839074E-03
+4.072000E-03,-8.309053E-03,+63.065204E-03
+4.075000E-03,+9.278886E-03,+17.839074E-03
+4.078000E-03,-25.896993E-03,+17.839074E-03
+4.081000E-03,+14.304012E-03,+17.839074E-03
+4.084000E-03,-25.896993E-03,+228.894348E-03
+4.087000E-03,+14.304012E-03,+17.839074E-03
+4.090000E-03,-25.896993E-03,+17.839074E-03
+4.093000E-03,-3.283927E-03,+98.241083E-03
+4.096000E-03,+14.304012E-03,+32.914451E-03
+4.099000E-03,-18.359304E-03,+2.763697E-03
+4.102000E-03,-13.334179E-03,+17.839074E-03
+4.105000E-03,+14.304012E-03,+17.839074E-03
+4.108000E-03,+14.304012E-03,-57.537809E-03
+4.111000E-03,+9.278886E-03,+17.839074E-03
+4.114000E-03,-25.896993E-03,+17.839074E-03
+4.117000E-03,+4.253761E-03,-42.462433E-03
+4.120000E-03,-25.896993E-03,+17.839074E-03
+4.123000E-03,-3.283927E-03,-12.311679E-03
+4.126000E-03,-25.896993E-03,-57.537809E-03
+4.129000E-03,+14.304012E-03,+93.215958E-03
+4.132000E-03,+9.278886E-03,+93.215958E-03
+4.135000E-03,-25.896993E-03,-2.261428E-03
+4.138000E-03,-15.846741E-03,-2.261428E-03
+4.141000E-03,-25.896993E-03,+17.839074E-03
+4.144000E-03,+14.304012E-03,-12.311679E-03
+4.147000E-03,+14.304012E-03,-57.537809E-03
+4.150000E-03,-25.896993E-03,+17.839074E-03
+4.153000E-03,+14.304012E-03,+17.839074E-03
+4.156000E-03,+14.304012E-03,-2.261428E-03
+4.159000E-03,-13.334179E-03,+17.839074E-03
+4.162000E-03,+14.304012E-03,-203.266451E-03
+4.165000E-03,-25.896993E-03,+98.241083E-03
+4.168000E-03,+14.304012E-03,+17.839074E-03
+4.171000E-03,-25.896993E-03,+17.839074E-03
+4.174000E-03,-25.896993E-03,-42.462433E-03
+4.177000E-03,-25.896993E-03,+17.839074E-03
+4.180000E-03,+14.304012E-03,+17.839074E-03
+4.183000E-03,+14.304012E-03,+17.839074E-03
+4.186000E-03,-8.309053E-03,-22.361930E-03
+4.189000E-03,-23.384430E-03,+12.813949E-03
+4.192000E-03,-25.896993E-03,-32.412182E-03
+4.195000E-03,+1.741198E-03,+17.839074E-03
+4.198000E-03,-20.871867E-03,+32.914451E-03
+4.201000E-03,+14.304012E-03,+17.839074E-03
+4.204000E-03,+14.304012E-03,+22.864200E-03
+4.207000E-03,-25.896993E-03,+17.839074E-03
+4.210000E-03,-25.896993E-03,+17.839074E-03
+4.213000E-03,-25.896993E-03,+58.040079E-03
+4.216000E-03,-771.365E-06,-32.412182E-03
+4.219000E-03,+9.278886E-03,+17.839074E-03
+4.222000E-03,+14.304012E-03,-17.336805E-03
+4.225000E-03,+14.304012E-03,+17.839074E-03
+4.228000E-03,-25.896993E-03,+17.839074E-03
+4.231000E-03,-25.896993E-03,+17.839074E-03
+4.234000E-03,-25.896993E-03,+83.165707E-03
+4.237000E-03,-13.334179E-03,-62.562935E-03
+4.240000E-03,-25.896993E-03,+22.864200E-03
+4.243000E-03,-25.896993E-03,+58.040079E-03
+4.246000E-03,+9.278886E-03,+17.839074E-03
+4.249000E-03,-13.334179E-03,+47.989828E-03
+4.252000E-03,+1.741198E-03,-62.562935E-03
+4.255000E-03,+6.766324E-03,+17.839074E-03
+4.258000E-03,-10.821616E-03,+17.839074E-03
+4.261000E-03,+14.304012E-03,+17.839074E-03
+4.264000E-03,-25.896993E-03,+53.014953E-03
+4.267000E-03,+6.766324E-03,+17.839074E-03
+4.270000E-03,+1.741198E-03,+17.839074E-03
+4.273000E-03,+1.741198E-03,+17.839074E-03
+4.276000E-03,+14.304012E-03,-52.512684E-03
+4.279000E-03,+14.304012E-03,+63.065204E-03
+4.282000E-03,+11.791449E-03,+22.864200E-03
+4.285000E-03,-25.896993E-03,+17.839074E-03
+4.288000E-03,+4.253761E-03,+98.241083E-03
+4.291000E-03,+4.253761E-03,+17.839074E-03
+4.294000E-03,+14.304012E-03,-32.412182E-03
+4.297000E-03,-23.384430E-03,+98.241083E-03
+4.300000E-03,+14.304012E-03,+63.065204E-03
+4.303000E-03,-25.896993E-03,+17.839074E-03
+4.306000E-03,-13.334179E-03,-62.562935E-03
+4.309000E-03,-18.359304E-03,+17.839074E-03
+4.312000E-03,+6.766324E-03,+17.839074E-03
+4.315000E-03,-10.821616E-03,+17.839074E-03
+4.318000E-03,+11.791449E-03,+17.839074E-03
+4.321000E-03,-8.309053E-03,+17.839074E-03
+4.324000E-03,+6.766324E-03,+17.839074E-03
+4.327000E-03,-15.846741E-03,+42.964702E-03
+4.330000E-03,-15.846741E-03,+17.839074E-03
+4.333000E-03,-23.384430E-03,+12.813949E-03
+4.336000E-03,+14.304012E-03,+17.839074E-03
+4.339000E-03,+11.791449E-03,-57.537809E-03
+4.342000E-03,-25.896993E-03,+118.341586E-03
+4.345000E-03,-18.359304E-03,+17.839074E-03
+4.348000E-03,+14.304012E-03,+17.839074E-03
+4.351000E-03,-25.896993E-03,+17.839074E-03
+4.354000E-03,+9.278886E-03,+27.889325E-03
+4.357000E-03,+14.304012E-03,+17.839074E-03
+4.360000E-03,+9.278886E-03,-52.512684E-03
+4.363000E-03,+14.304012E-03,+17.839074E-03
+4.366000E-03,+4.253761E-03,+17.839074E-03
+4.369000E-03,+6.766324E-03,+17.839074E-03
+4.372000E-03,-25.896993E-03,+68.090330E-03
+4.375000E-03,-25.896993E-03,+17.839074E-03
+4.378000E-03,-8.309053E-03,-22.361930E-03
+4.381000E-03,-25.896993E-03,+17.839074E-03
+4.384000E-03,+1.741198E-03,+17.839074E-03
+4.387000E-03,+1.741198E-03,+17.839074E-03
+4.390000E-03,+6.766324E-03,+88.190832E-03
+4.393000E-03,-5.796490E-03,+17.839074E-03
+4.396000E-03,-25.896993E-03,+17.839074E-03
+4.399000E-03,-25.896993E-03,+17.839074E-03
+4.402000E-03,+6.766324E-03,+7.788823E-03
+4.405000E-03,+14.304012E-03,-62.562935E-03
+4.408000E-03,-25.896993E-03,+17.839074E-03
+4.411000E-03,+9.278886E-03,-52.512684E-03
+4.414000E-03,-5.796490E-03,+58.040079E-03
+4.417000E-03,-25.896993E-03,-62.562935E-03
+4.420000E-03,-13.334179E-03,+123.366711E-03
+4.423000E-03,-18.359304E-03,+17.839074E-03
+4.426000E-03,+14.304012E-03,+17.839074E-03
+4.429000E-03,+14.304012E-03,+98.241083E-03
+4.432000E-03,-25.896993E-03,+98.241083E-03
+4.435000E-03,-8.309053E-03,-17.336805E-03
+4.438000E-03,-23.384430E-03,+17.839074E-03
+4.441000E-03,-25.896993E-03,-37.437307E-03
+4.444000E-03,-25.896993E-03,+17.839074E-03
+4.447000E-03,+6.766324E-03,-37.437307E-03
+4.450000E-03,-25.896993E-03,+17.839074E-03
+4.453000E-03,+11.791449E-03,+17.839074E-03
+4.456000E-03,-25.896993E-03,+17.839074E-03
+4.459000E-03,+14.304012E-03,+17.839074E-03
+4.462000E-03,+14.304012E-03,+17.839074E-03
+4.465000E-03,-25.896993E-03,+178.643093E-03
+4.468000E-03,-23.384430E-03,+173.617967E-03
+4.471000E-03,-5.796490E-03,+98.241083E-03
+4.474000E-03,-25.896993E-03,-52.512684E-03
+4.477000E-03,-25.896993E-03,+17.839074E-03
+4.480000E-03,-18.359304E-03,+17.839074E-03
+4.483000E-03,+14.304012E-03,+98.241083E-03
+4.486000E-03,+14.304012E-03,+133.416962E-03
+4.489000E-03,+14.304012E-03,+17.839074E-03
+4.492000E-03,-5.796490E-03,+17.839074E-03
+4.495000E-03,-23.384430E-03,+17.839074E-03
+4.498000E-03,+14.304012E-03,+78.140581E-03
+4.501000E-03,+14.304012E-03,+238.944599E-03
+4.504000E-03,+6.766324E-03,+259.045102E-03
+4.507000E-03,-25.896993E-03,+98.241083E-03
+4.510000E-03,+11.791449E-03,+178.643093E-03
+4.513000E-03,-25.896993E-03,+98.241083E-03
+4.516000E-03,+6.766324E-03,+178.643093E-03
+4.519000E-03,+14.304012E-03,+284.170730E-03
+4.522000E-03,+26.866826E-03,+419.849120E-03
+4.525000E-03,-23.384430E-03,+339.447111E-03
+4.528000E-03,+14.304012E-03,+339.447111E-03
+4.531000E-03,-25.896993E-03,+183.668218E-03
+4.534000E-03,+26.866826E-03,+339.447111E-03
+4.537000E-03,+14.304012E-03,+419.849120E-03
+4.540000E-03,+14.304012E-03,+580.653138E-03
+4.543000E-03,+14.304012E-03,+580.653138E-03
+4.546000E-03,+54.505017E-03,+585.678264E-03
+4.549000E-03,+31.891952E-03,+701.256152E-03
+4.552000E-03,+54.505017E-03,+771.607910E-03
+4.555000E-03,+122.344212E-03,+1.525376746E+00
+4.558000E-03,+335.912049E-03,+3.661055116E+00
+4.561000E-03,+1.649982387E+00,+5.073115402E+00
+4.564000E-03,+2.690183380E+00,+5.083165653E+00
+4.567000E-03,+1.541942187E+00,+5.083165653E+00
+4.570000E-03,+350.987426E-03,+5.083165653E+00
+4.573000E-03,+67.067831E-03,+5.017839021E+00
+4.576000E-03,+41.942203E-03,+1.791708402E+00
+4.579000E-03,+14.304012E-03,+339.447111E-03
+4.582000E-03,-25.896993E-03,+17.839074E-03
+4.585000E-03,-25.896993E-03,-62.562935E-03
+4.588000E-03,-66.097997E-03,-57.537809E-03
+4.591000E-03,-25.896993E-03,+17.839074E-03
+4.594000E-03,-25.896993E-03,-42.462433E-03
+4.597000E-03,-66.097997E-03,+17.839074E-03
+4.600000E-03,-66.097997E-03,-7.286554E-03
+4.603000E-03,-28.409555E-03,+17.839074E-03
+4.606000E-03,-66.097997E-03,+17.839074E-03
+4.609000E-03,-30.922118E-03,-62.562935E-03
+4.612000E-03,-66.097997E-03,+17.839074E-03
+4.615000E-03,-56.047746E-03,-37.437307E-03
+4.618000E-03,-61.072872E-03,-47.487558E-03
+4.621000E-03,-66.097997E-03,-27.387056E-03
+4.624000E-03,-66.097997E-03,+17.839074E-03
+4.627000E-03,-51.022620E-03,-62.562935E-03
+4.630000E-03,-66.097997E-03,+17.839074E-03
+4.633000E-03,-66.097997E-03,+17.839074E-03
+4.636000E-03,-66.097997E-03,+17.839074E-03
+4.639000E-03,-63.585434E-03,+17.839074E-03
+4.642000E-03,-66.097997E-03,+17.839074E-03
+4.645000E-03,-66.097997E-03,+93.215958E-03
+4.648000E-03,-66.097997E-03,+17.839074E-03
+4.651000E-03,-58.560309E-03,-62.562935E-03
+4.654000E-03,-25.896993E-03,+143.467213E-03
+4.657000E-03,-53.535183E-03,-7.286554E-03
+4.660000E-03,-30.922118E-03,-52.512684E-03
+4.663000E-03,-48.510058E-03,+17.839074E-03
+4.666000E-03,-66.097997E-03,-52.512684E-03
+4.669000E-03,-40.972369E-03,+17.839074E-03
+4.672000E-03,-25.896993E-03,-62.562935E-03
+4.675000E-03,-33.434681E-03,+7.788823E-03
+4.678000E-03,-25.896993E-03,-62.562935E-03
+4.681000E-03,-66.097997E-03,+17.839074E-03
+4.684000E-03,-66.097997E-03,+17.839074E-03
+4.687000E-03,-33.434681E-03,-62.562935E-03
+4.690000E-03,-25.896993E-03,-37.437307E-03
+4.693000E-03,-38.459806E-03,+17.839074E-03
+4.696000E-03,-66.097997E-03,-62.562935E-03
+4.699000E-03,-66.097997E-03,-22.361930E-03
+4.702000E-03,-66.097997E-03,+17.839074E-03
+4.705000E-03,-66.097997E-03,-27.387056E-03
+4.708000E-03,-35.947244E-03,-107.789065E-03
+4.711000E-03,-25.896993E-03,+2.763697E-03
+4.714000E-03,-40.972369E-03,-32.412182E-03
+4.717000E-03,-66.097997E-03,+17.839074E-03
+4.720000E-03,-45.997495E-03,-22.361930E-03
+4.723000E-03,-66.097997E-03,+17.839074E-03
+4.726000E-03,-25.896993E-03,-7.286554E-03
+4.729000E-03,-25.896993E-03,+17.839074E-03
+4.732000E-03,-33.434681E-03,+88.190832E-03
+4.735000E-03,-66.097997E-03,+17.839074E-03
+4.738000E-03,-66.097997E-03,+17.839074E-03
+4.741000E-03,-66.097997E-03,+17.839074E-03
+4.744000E-03,-33.434681E-03,-47.487558E-03
+4.747000E-03,-25.896993E-03,-2.261428E-03
+4.750000E-03,-56.047746E-03,+17.839074E-03
+4.753000E-03,-33.434681E-03,+17.839074E-03
+4.756000E-03,-66.097997E-03,+17.839074E-03
+4.759000E-03,-66.097997E-03,+17.839074E-03
+4.762000E-03,-66.097997E-03,+17.839074E-03
+4.765000E-03,-25.896993E-03,+7.788823E-03
+4.768000E-03,-25.896993E-03,-42.462433E-03
+4.771000E-03,-66.097997E-03,+73.115455E-03
+4.774000E-03,-30.922118E-03,-52.512684E-03
+4.777000E-03,-66.097997E-03,-17.336805E-03
+4.780000E-03,-25.896993E-03,-52.512684E-03
+4.783000E-03,-40.972369E-03,-62.562935E-03
+4.786000E-03,-66.097997E-03,-163.065447E-03
+4.789000E-03,-61.072872E-03,+88.190832E-03
+4.792000E-03,-66.097997E-03,+17.839074E-03
+4.795000E-03,-66.097997E-03,+17.839074E-03
+4.798000E-03,-25.896993E-03,-22.361930E-03
+4.801000E-03,-33.434681E-03,+17.839074E-03
+4.804000E-03,-25.896993E-03,-2.261428E-03
+4.807000E-03,-38.459806E-03,+17.839074E-03
+4.810000E-03,-66.097997E-03,+7.788823E-03
+4.813000E-03,-25.896993E-03,+17.839074E-03
+4.816000E-03,-28.409555E-03,+17.839074E-03
+4.819000E-03,-25.896993E-03,+17.839074E-03
+4.822000E-03,-66.097997E-03,-47.487558E-03
+4.825000E-03,-25.896993E-03,+37.939576E-03
+4.828000E-03,-53.535183E-03,-7.286554E-03
+4.831000E-03,-30.922118E-03,-62.562935E-03
+4.834000E-03,-45.997495E-03,+17.839074E-03
+4.837000E-03,-25.896993E-03,-52.512684E-03
+4.840000E-03,-25.896993E-03,-7.286554E-03
+4.843000E-03,-35.947244E-03,-42.462433E-03
+4.846000E-03,-58.560309E-03,-42.462433E-03
+4.849000E-03,-51.022620E-03,-12.311679E-03
+4.852000E-03,-25.896993E-03,+17.839074E-03
+4.855000E-03,-25.896993E-03,-22.361930E-03
+4.858000E-03,-25.896993E-03,-52.512684E-03
+4.861000E-03,-25.896993E-03,-2.261428E-03
+4.864000E-03,-25.896993E-03,-2.261428E-03
+4.867000E-03,-25.896993E-03,-37.437307E-03
+4.870000E-03,-66.097997E-03,-12.311679E-03
+4.873000E-03,-28.409555E-03,-57.537809E-03
+4.876000E-03,-25.896993E-03,+17.839074E-03
+4.879000E-03,-25.896993E-03,-47.487558E-03
+4.882000E-03,-25.896993E-03,+17.839074E-03
+4.885000E-03,-53.535183E-03,+17.839074E-03
+4.888000E-03,-66.097997E-03,+17.839074E-03
+4.891000E-03,-45.997495E-03,+17.839074E-03
+4.894000E-03,-25.896993E-03,-57.537809E-03
+4.897000E-03,-25.896993E-03,-32.412182E-03
+4.900000E-03,-25.896993E-03,-62.562935E-03
+4.903000E-03,-25.896993E-03,-62.562935E-03
+4.906000E-03,-66.097997E-03,+17.839074E-03
+4.909000E-03,-25.896993E-03,-57.537809E-03
+4.912000E-03,-25.896993E-03,+17.839074E-03
+4.915000E-03,-25.896993E-03,+17.839074E-03
+4.918000E-03,-56.047746E-03,-62.562935E-03
+4.921000E-03,-38.459806E-03,-37.437307E-03
+4.924000E-03,-25.896993E-03,-47.487558E-03
+4.927000E-03,-10.821616E-03,-62.562935E-03
+4.930000E-03,-66.097997E-03,+17.839074E-03
+4.933000E-03,-43.484932E-03,-27.387056E-03
+4.936000E-03,-25.896993E-03,-47.487558E-03
+4.939000E-03,-25.896993E-03,+17.839074E-03
+4.942000E-03,-25.896993E-03,+47.989828E-03
+4.945000E-03,-25.896993E-03,+17.839074E-03
+4.948000E-03,-25.896993E-03,-22.361930E-03
+4.951000E-03,-25.896993E-03,+17.839074E-03
+4.954000E-03,-40.972369E-03,+17.839074E-03
+4.957000E-03,-25.896993E-03,+17.839074E-03
+4.960000E-03,-25.896993E-03,-42.462433E-03
+4.963000E-03,-25.896993E-03,-62.562935E-03
+4.966000E-03,-25.896993E-03,+17.839074E-03
+4.969000E-03,-45.997495E-03,-22.361930E-03
+4.972000E-03,-23.384430E-03,+12.813949E-03
+4.975000E-03,-25.896993E-03,+17.839074E-03
+4.978000E-03,-25.896993E-03,-2.261428E-03
+4.981000E-03,-25.896993E-03,-47.487558E-03
+4.984000E-03,-25.896993E-03,-27.387056E-03
+4.987000E-03,+11.791449E-03,-57.537809E-03
+4.990000E-03,-25.896993E-03,+17.839074E-03
+4.993000E-03,-25.896993E-03,+17.839074E-03
+4.996000E-03,-25.896993E-03,-37.437307E-03
+4.999000E-03,-25.896993E-03,+42.964702E-03
+5.002000E-03,-63.585434E-03,+12.813949E-03
+5.005000E-03,-25.896993E-03,-22.361930E-03
+5.008000E-03,-25.896993E-03,-57.537809E-03
+5.011000E-03,-25.896993E-03,-27.387056E-03
+5.014000E-03,-25.896993E-03,-62.562935E-03
+5.017000E-03,-25.896993E-03,+17.839074E-03
+5.020000E-03,-771.365E-06,-7.286554E-03
+5.023000E-03,-28.409555E-03,+17.839074E-03
+5.026000E-03,-25.896993E-03,+17.839074E-03
+5.029000E-03,-25.896993E-03,-52.512684E-03
+5.032000E-03,-40.972369E-03,+17.839074E-03
+5.035000E-03,-25.896993E-03,-2.261428E-03
+5.038000E-03,-25.896993E-03,+17.839074E-03
+5.041000E-03,-25.896993E-03,+17.839074E-03
+5.044000E-03,-25.896993E-03,+17.839074E-03
+5.047000E-03,-25.896993E-03,-62.562935E-03
+5.050000E-03,-25.896993E-03,+17.839074E-03
+5.053000E-03,-56.047746E-03,+17.839074E-03
+5.056000E-03,-25.896993E-03,-62.562935E-03
+5.059000E-03,-25.896993E-03,+12.813949E-03
+5.062000E-03,-5.796490E-03,-22.361930E-03
+5.065000E-03,-25.896993E-03,+17.839074E-03
+5.068000E-03,-25.896993E-03,+17.839074E-03
+5.071000E-03,-25.896993E-03,-42.462433E-03
+5.074000E-03,-25.896993E-03,-42.462433E-03
+5.077000E-03,-13.334179E-03,-7.286554E-03
+5.080000E-03,+9.278886E-03,+12.813949E-03
+5.083000E-03,-25.896993E-03,-17.336805E-03
+5.086000E-03,-25.896993E-03,-52.512684E-03
+5.089000E-03,-25.896993E-03,+17.839074E-03
+5.092000E-03,-25.896993E-03,-42.462433E-03
+5.095000E-03,-25.896993E-03,+17.839074E-03
+5.098000E-03,-43.484932E-03,+17.839074E-03
+5.101000E-03,-25.896993E-03,+17.839074E-03
+5.104000E-03,-23.384430E-03,-22.361930E-03
+5.107000E-03,+6.766324E-03,+7.788823E-03
+5.110000E-03,-15.846741E-03,-2.261428E-03
+5.113000E-03,-25.896993E-03,+17.839074E-03
+5.116000E-03,-20.871867E-03,+7.788823E-03
+5.119000E-03,-25.896993E-03,+17.839074E-03
+5.122000E-03,-25.896993E-03,+17.839074E-03
+5.125000E-03,-25.896993E-03,+17.839074E-03
+5.128000E-03,-25.896993E-03,+7.788823E-03
+5.131000E-03,+4.253761E-03,+203.768720E-03
+5.134000E-03,+14.304012E-03,+17.839074E-03
+5.137000E-03,-25.896993E-03,+17.839074E-03
+5.140000E-03,-48.510058E-03,+17.839074E-03
+5.143000E-03,-25.896993E-03,+17.839074E-03
+5.146000E-03,-25.896993E-03,-7.286554E-03
+5.149000E-03,-25.896993E-03,-42.462433E-03
+5.152000E-03,-20.871867E-03,+17.839074E-03
+5.155000E-03,-25.896993E-03,+113.316460E-03
+5.158000E-03,-25.896993E-03,+98.241083E-03
+5.161000E-03,-25.896993E-03,+17.839074E-03
+5.164000E-03,-25.896993E-03,+17.839074E-03
+5.167000E-03,-25.896993E-03,+17.839074E-03
+5.170000E-03,-25.896993E-03,-37.437307E-03
+5.173000E-03,-25.896993E-03,-47.487558E-03
+5.176000E-03,-25.896993E-03,-22.361930E-03
+5.179000E-03,-25.896993E-03,-57.537809E-03
+5.182000E-03,-25.896993E-03,+17.839074E-03
+5.185000E-03,+6.766324E-03,-47.487558E-03
+5.188000E-03,-25.896993E-03,+17.839074E-03
+5.191000E-03,-25.896993E-03,+17.839074E-03
+5.194000E-03,-25.896993E-03,+17.839074E-03
+5.197000E-03,-5.796490E-03,-62.562935E-03
+5.200000E-03,-30.922118E-03,+17.839074E-03
+5.203000E-03,-25.896993E-03,-32.412182E-03
+5.206000E-03,-25.896993E-03,-42.462433E-03
+5.209000E-03,-25.896993E-03,+53.014953E-03
+5.212000E-03,-25.896993E-03,+53.014953E-03
+5.215000E-03,+11.791449E-03,-57.537809E-03
+5.218000E-03,-5.796490E-03,+17.839074E-03
+5.221000E-03,+9.278886E-03,-52.512684E-03
+5.224000E-03,-25.896993E-03,-2.261428E-03
+5.227000E-03,+1.741198E-03,+17.839074E-03
+5.230000E-03,-25.896993E-03,+17.839074E-03
+5.233000E-03,-25.896993E-03,-127.889568E-03
+5.236000E-03,+11.791449E-03,+17.839074E-03
+5.239000E-03,-3.283927E-03,-12.311679E-03
+5.242000E-03,-25.896993E-03,+17.839074E-03
+5.245000E-03,-15.846741E-03,+17.839074E-03
+5.248000E-03,-25.896993E-03,+17.839074E-03
+5.251000E-03,-23.384430E-03,+17.839074E-03
+5.254000E-03,-8.309053E-03,+17.839074E-03
+5.257000E-03,-25.896993E-03,+17.839074E-03
