-887.100E-06,-250.419655E-03,-7.889476E-03
-884.200E-06,-19.263878E-03,+32.311529E-03
-881.300E-06,+61.138131E-03,-351.787E-06
-878.400E-06,-19.263878E-03,-45.577917E-03
-875.500E-06,+36.012503E-03,-7.889476E-03
-872.600E-06,+15.912001E-03,-7.889476E-03
-869.700E-06,-19.263878E-03,-7.889476E-03
-866.800E-06,-19.263878E-03,-5.376913E-03
-863.900E-06,-9.213627E-03,-7.889476E-03
-861.000E-06,+10.886875E-03,-7.889476E-03
-858.100E-06,-19.263878E-03,+32.311529E-03
-855.200E-06,+61.138131E-03,-7.889476E-03
-852.300E-06,-19.263878E-03,-45.577917E-03
-849.400E-06,-19.263878E-03,+4.673338E-03
-846.500E-06,-19.263878E-03,+12.211027E-03
-843.600E-06,+836.624E-06,+4.673338E-03
-840.700E-06,-19.263878E-03,-7.889476E-03
-837.800E-06,-19.263878E-03,-7.889476E-03
-834.900E-06,-19.263878E-03,-7.889476E-03
-832.000E-06,+25.962252E-03,-7.889476E-03
-829.100E-06,+46.062754E-03,-7.889476E-03
-826.200E-06,-19.263878E-03,-7.889476E-03
-823.300E-06,+836.624E-06,-7.889476E-03
-820.400E-06,-19.263878E-03,+14.723589E-03
-817.500E-06,+836.624E-06,+22.261278E-03
-814.600E-06,-19.263878E-03,-5.376913E-03
-811.700E-06,-19.263878E-03,-7.889476E-03
-808.800E-06,-19.263878E-03,-7.889476E-03
-805.900E-06,-19.263878E-03,+9.698464E-03
-803.000E-06,-19.263878E-03,-7.889476E-03
-800.100E-06,-19.263878E-03,-5.376913E-03
-797.200E-06,-19.263878E-03,-7.889476E-03
-794.300E-06,-19.263878E-03,-7.889476E-03
-791.400E-06,+836.624E-06,-7.889476E-03
-788.500E-06,-19.263878E-03,+32.311529E-03
-785.600E-06,+46.062754E-03,-7.889476E-03
-782.700E-06,-19.263878E-03,+17.236152E-03
-779.800E-06,-19.263878E-03,-48.090480E-03
-776.900E-06,-74.540260E-03,-7.889476E-03
-774.000E-06,-19.263878E-03,-7.889476E-03
-771.100E-06,-19.263878E-03,+32.311529E-03
-768.200E-06,+20.937126E-03,-7.889476E-03
-765.300E-06,-19.263878E-03,-7.889476E-03
-762.400E-06,-19.263878E-03,-7.889476E-03
-759.500E-06,-34.339255E-03,+27.286403E-03
-756.600E-06,-19.263878E-03,-7.889476E-03
-753.700E-06,-19.263878E-03,+9.698464E-03
-750.800E-06,-9.213627E-03,+27.286403E-03
-747.900E-06,-19.263878E-03,-7.889476E-03
-745.000E-06,-19.263878E-03,-7.889476E-03
-742.100E-06,+20.937126E-03,+12.211027E-03
-739.200E-06,-19.263878E-03,+32.311529E-03
-736.300E-06,-19.263878E-03,-7.889476E-03
-733.400E-06,-19.263878E-03,-12.914601E-03
-730.500E-06,-69.515134E-03,+9.698464E-03
-727.600E-06,-19.263878E-03,-7.889476E-03
-724.700E-06,-19.263878E-03,+27.286403E-03
-721.800E-06,-19.263878E-03,-7.889476E-03
-718.900E-06,+836.624E-06,-7.889476E-03
-716.000E-06,-19.263878E-03,+12.211027E-03
-713.100E-06,-19.263878E-03,+4.673338E-03
-710.200E-06,-19.263878E-03,+32.311529E-03
-707.300E-06,-9.213627E-03,-351.787E-06
-704.400E-06,-19.263878E-03,-7.889476E-03
-701.500E-06,+10.886875E-03,+9.698464E-03
-698.600E-06,-19.263878E-03,-7.889476E-03
-695.700E-06,-19.263878E-03,-7.889476E-03
-692.800E-06,+836.624E-06,-7.889476E-03
-689.900E-06,+61.138131E-03,-27.989978E-03
-687.000E-06,+836.624E-06,+4.673338E-03
-684.100E-06,-19.263878E-03,-7.889476E-03
-681.200E-06,-9.213627E-03,-40.552792E-03
-678.300E-06,-4.188502E-03,+17.236152E-03
-675.400E-06,-19.263878E-03,+9.698464E-03
-672.500E-06,-9.213627E-03,+27.286403E-03
-669.600E-06,-19.263878E-03,-45.577917E-03
-666.700E-06,-19.263878E-03,+4.673338E-03
-663.800E-06,-19.263878E-03,-7.889476E-03
-660.900E-06,+836.624E-06,-17.939727E-03
-658.000E-06,-89.615637E-03,-7.889476E-03
-655.100E-06,-19.263878E-03,-7.889476E-03
-652.200E-06,+25.962252E-03,-7.889476E-03
-649.300E-06,-19.263878E-03,+17.236152E-03
-646.400E-06,-19.263878E-03,-7.889476E-03
-643.500E-06,-19.263878E-03,-45.577917E-03
-640.600E-06,-19.263878E-03,-7.889476E-03
-637.700E-06,-19.263878E-03,-7.889476E-03
-634.800E-06,+836.624E-06,-7.889476E-03
-631.900E-06,-19.263878E-03,-7.889476E-03
-629.000E-06,-9.213627E-03,-7.889476E-03
-626.100E-06,-69.515134E-03,+2.160775E-03
-623.200E-06,-19.263878E-03,+17.236152E-03
-620.300E-06,-19.263878E-03,+32.311529E-03
-617.400E-06,+61.138131E-03,-7.889476E-03
-614.500E-06,+61.138131E-03,+22.261278E-03
-611.600E-06,-19.263878E-03,-27.989978E-03
-608.700E-06,-79.565385E-03,+22.261278E-03
-605.800E-06,-19.263878E-03,-2.864350E-03
-602.900E-06,-19.263878E-03,-40.552792E-03
-600.000E-06,+25.962252E-03,-7.889476E-03
-597.100E-06,-19.263878E-03,-15.427164E-03
-594.200E-06,-9.213627E-03,+27.286403E-03
-591.300E-06,+56.113005E-03,+32.311529E-03
-588.400E-06,-19.263878E-03,+22.261278E-03
-585.500E-06,-19.263878E-03,-7.889476E-03
-582.600E-06,-19.263878E-03,-22.964852E-03
-579.700E-06,-14.238753E-03,-2.864350E-03
-576.800E-06,-19.263878E-03,+27.286403E-03
-573.900E-06,-19.263878E-03,+9.698464E-03
-571.000E-06,-19.263878E-03,-7.889476E-03
-568.100E-06,-19.263878E-03,-40.552792E-03
-565.200E-06,-94.640762E-03,-5.376913E-03
-562.300E-06,-19.263878E-03,+4.673338E-03
-559.400E-06,+20.937126E-03,+32.311529E-03
-556.500E-06,-19.263878E-03,+32.311529E-03
-553.600E-06,-14.238753E-03,-7.889476E-03
-550.700E-06,-19.263878E-03,-40.552792E-03
-547.800E-06,-19.263878E-03,-7.889476E-03
-544.900E-06,+61.138131E-03,+9.698464E-03
-542.000E-06,-9.213627E-03,-351.787E-06
-539.100E-06,-19.263878E-03,-45.577917E-03
-536.200E-06,-19.263878E-03,-17.939727E-03
-533.300E-06,-19.263878E-03,+12.211027E-03
-530.400E-06,-19.263878E-03,+4.673338E-03
-527.500E-06,-19.263878E-03,-2.864350E-03
-524.600E-06,-9.213627E-03,+27.286403E-03
-521.700E-06,-19.263878E-03,+19.748715E-03
-518.800E-06,+10.886875E-03,-7.889476E-03
-515.900E-06,-9.213627E-03,-351.787E-06
-513.000E-06,-19.263878E-03,-7.889476E-03
-510.100E-06,-19.263878E-03,-7.889476E-03
-507.200E-06,-19.263878E-03,-7.889476E-03
-504.300E-06,-19.263878E-03,+32.311529E-03
-501.400E-06,-19.263878E-03,-40.552792E-03
-498.500E-06,-19.263878E-03,+27.286403E-03
-495.600E-06,-74.540260E-03,-20.452290E-03
-492.700E-06,-19.263878E-03,-7.889476E-03
-489.800E-06,-19.263878E-03,-7.889476E-03
-486.900E-06,-19.263878E-03,+32.311529E-03
-484.000E-06,+836.624E-06,-7.889476E-03
-481.100E-06,-24.289004E-03,-7.889476E-03
-478.200E-06,-19.263878E-03,+4.673338E-03
-475.300E-06,-19.263878E-03,-7.889476E-03
-472.400E-06,-9.213627E-03,-40.552792E-03
-469.500E-06,-19.263878E-03,-20.452290E-03
-466.600E-06,-19.263878E-03,+2.160775E-03
-463.700E-06,+46.062754E-03,-40.552792E-03
-460.800E-06,-19.263878E-03,+32.311529E-03
-457.900E-06,-19.263878E-03,+4.673338E-03
-455.000E-06,+15.912001E-03,+14.723589E-03
-452.100E-06,+836.624E-06,+22.261278E-03
-449.200E-06,+51.087880E-03,-7.889476E-03
-446.300E-06,-19.263878E-03,-7.889476E-03
-443.400E-06,+5.861749E-03,+7.185901E-03
-440.500E-06,-19.263878E-03,+9.698464E-03
-437.600E-06,-19.263878E-03,-351.787E-06
-434.700E-06,-99.665888E-03,-7.889476E-03
-431.800E-06,+36.012503E-03,-7.889476E-03
-428.900E-06,+15.912001E-03,-27.989978E-03
-426.000E-06,-19.263878E-03,-7.889476E-03
-423.100E-06,-14.238753E-03,-2.864350E-03
-420.200E-06,-19.263878E-03,-7.889476E-03
-417.300E-06,-19.263878E-03,-20.452290E-03
-414.400E-06,-19.263878E-03,+9.698464E-03
-411.500E-06,-19.263878E-03,-351.787E-06
-408.600E-06,-19.263878E-03,-7.889476E-03
-405.700E-06,-19.263878E-03,+22.261278E-03
-402.800E-06,+15.912001E-03,-7.889476E-03
-399.900E-06,-19.263878E-03,-22.964852E-03
-397.000E-06,-19.263878E-03,-7.889476E-03
-394.100E-06,-19.263878E-03,-351.787E-06
-391.200E-06,-19.263878E-03,-7.889476E-03
-388.300E-06,+25.962252E-03,-7.889476E-03
-385.400E-06,-34.339255E-03,-351.787E-06
-382.500E-06,+61.138131E-03,-5.376913E-03
-379.600E-06,+836.624E-06,+32.311529E-03
-376.700E-06,-19.263878E-03,-7.889476E-03
-373.800E-06,-19.263878E-03,-7.889476E-03
-370.900E-06,-19.263878E-03,-7.889476E-03
-368.000E-06,-9.213627E-03,-351.787E-06
-365.100E-06,+5.861749E-03,+7.185901E-03
-362.200E-06,-19.263878E-03,-7.889476E-03
-359.300E-06,-19.263878E-03,-7.889476E-03
-356.400E-06,-19.263878E-03,-5.376913E-03
-353.500E-06,-19.263878E-03,-7.889476E-03
-350.600E-06,-19.263878E-03,+12.211027E-03
-347.700E-06,-19.263878E-03,-7.889476E-03
-344.800E-06,-94.640762E-03,-7.889476E-03
-341.900E-06,-9.213627E-03,-7.889476E-03
-339.000E-06,-19.263878E-03,+7.185901E-03
-336.100E-06,-19.263878E-03,-7.889476E-03
-333.200E-06,-19.263878E-03,+24.773841E-03
-330.300E-06,-19.263878E-03,-43.065355E-03
-327.400E-06,+36.012503E-03,-35.527666E-03
-324.500E-06,+20.937126E-03,-7.889476E-03
-321.600E-06,-19.263878E-03,-22.964852E-03
-318.700E-06,-19.263878E-03,-43.065355E-03
-315.800E-06,-9.213627E-03,-351.787E-06
-312.900E-06,-19.263878E-03,-7.889476E-03
-310.000E-06,-19.263878E-03,-7.889476E-03
-307.100E-06,+61.138131E-03,-7.889476E-03
-304.200E-06,-99.665888E-03,-7.889476E-03
-301.300E-06,-19.263878E-03,-7.889476E-03
-298.400E-06,+61.138131E-03,-7.889476E-03
-295.500E-06,+836.624E-06,-48.090480E-03
-292.600E-06,-19.263878E-03,+29.798966E-03
-289.700E-06,+46.062754E-03,+27.286403E-03
-286.800E-06,-19.263878E-03,-20.452290E-03
-283.900E-06,-19.263878E-03,-7.889476E-03
-281.000E-06,-19.263878E-03,-15.427164E-03
-278.100E-06,+56.113005E-03,-7.889476E-03
-275.200E-06,-19.263878E-03,-7.889476E-03
-272.300E-06,+61.138131E-03,-7.889476E-03
-269.400E-06,-19.263878E-03,+4.673338E-03
-266.500E-06,-89.615637E-03,-7.889476E-03
-263.600E-06,-19.263878E-03,-48.090480E-03
-260.700E-06,-19.263878E-03,-7.889476E-03
-257.800E-06,+10.886875E-03,-22.964852E-03
-254.900E-06,-19.263878E-03,+2.160775E-03
-252.000E-06,-19.263878E-03,-45.577917E-03
-249.100E-06,-19.263878E-03,+32.311529E-03
-246.200E-06,+15.912001E-03,-5.376913E-03
-243.300E-06,+36.012503E-03,-7.889476E-03
-240.400E-06,-19.263878E-03,+29.798966E-03
-237.500E-06,+46.062754E-03,-40.552792E-03
-234.600E-06,+5.861749E-03,+4.673338E-03
-231.700E-06,-19.263878E-03,+17.236152E-03
-228.800E-06,+41.037628E-03,+2.160775E-03
-225.900E-06,+136.515014E-03,-7.889476E-03
-223.000E-06,-19.263878E-03,+22.261278E-03
-220.100E-06,+20.937126E-03,-7.889476E-03
-217.200E-06,-19.263878E-03,+4.673338E-03
-214.300E-06,-14.238753E-03,+29.798966E-03
-211.400E-06,-19.263878E-03,-7.889476E-03
-208.500E-06,-19.263878E-03,-7.889476E-03
-205.600E-06,+25.962252E-03,-22.964852E-03
-202.700E-06,-19.263878E-03,+2.160775E-03
-199.800E-06,-19.263878E-03,-45.577917E-03
-196.900E-06,+836.624E-06,-35.527666E-03
-194.000E-06,-19.263878E-03,-7.889476E-03
-191.100E-06,+836.624E-06,+22.261278E-03
-188.200E-06,-14.238753E-03,-7.889476E-03
-185.300E-06,-19.263878E-03,-351.787E-06
-182.400E-06,+5.861749E-03,-33.015104E-03
-179.500E-06,+25.962252E-03,-12.914601E-03
-176.600E-06,-39.364381E-03,+2.160775E-03
-173.700E-06,+56.113005E-03,-7.889476E-03
-170.800E-06,-19.263878E-03,-7.889476E-03
-167.900E-06,+15.912001E-03,-7.889476E-03
-165.000E-06,+36.012503E-03,-7.889476E-03
-162.100E-06,-14.238753E-03,-43.065355E-03
-159.200E-06,-19.263878E-03,-351.787E-06
-156.300E-06,-19.263878E-03,-33.015104E-03
-153.400E-06,-19.263878E-03,-7.889476E-03
-150.500E-06,-19.263878E-03,-7.889476E-03
-147.600E-06,+56.113005E-03,-7.889476E-03
-144.700E-06,+41.037628E-03,-38.040229E-03
-141.800E-06,+61.138131E-03,-7.889476E-03
-138.900E-06,+836.624E-06,+22.261278E-03
-136.000E-06,+51.087880E-03,-2.864350E-03
-133.100E-06,-19.263878E-03,+32.311529E-03
-130.200E-06,-19.263878E-03,+19.748715E-03
-127.300E-06,-19.263878E-03,-22.964852E-03
-124.400E-06,-19.263878E-03,+2.160775E-03
-121.500E-06,+56.113005E-03,-7.889476E-03
-118.600E-06,-19.263878E-03,-48.090480E-03
-115.700E-06,-19.263878E-03,-25.477415E-03
-112.800E-06,+36.012503E-03,+22.261278E-03
-109.900E-06,-19.263878E-03,-40.552792E-03
-107.000E-06,-9.213627E-03,-7.889476E-03
-104.100E-06,+5.861749E-03,+19.748715E-03
-101.200E-06,-19.263878E-03,-7.889476E-03
-98.300E-06,-4.188502E-03,+24.773841E-03
-95.400E-06,+211.891898E-03,+32.311529E-03
-92.500E-06,-4.188502E-03,+2.160775E-03
-89.600E-06,-19.263878E-03,-48.090480E-03
-86.700E-06,-19.263878E-03,-7.889476E-03
-83.800E-06,-14.238753E-03,-40.552792E-03
-80.900E-06,-9.213627E-03,-7.889476E-03
-78.000E-06,-19.263878E-03,+19.748715E-03
-75.100E-06,-19.263878E-03,-7.889476E-03
-72.200E-06,+41.037628E-03,-7.889476E-03
-69.300E-06,+56.113005E-03,-7.889476E-03
-66.400E-06,-19.263878E-03,-27.989978E-03
-63.500E-06,+61.138131E-03,+12.211027E-03
-60.600E-06,-19.263878E-03,+4.673338E-03
-57.700E-06,-19.263878E-03,-2.864350E-03
-54.800E-06,-9.213627E-03,-40.552792E-03
-51.900E-06,+5.861749E-03,+7.185901E-03
-49.000E-06,+25.962252E-03,-7.889476E-03
-46.100E-06,-4.188502E-03,-38.040229E-03
-43.200E-06,-255.444780E-03,-7.889476E-03
-40.300E-06,+41.037628E-03,+24.773841E-03
-37.400E-06,+15.912001E-03,-27.989978E-03
-34.500E-06,-19.263878E-03,+32.311529E-03
-31.600E-06,-19.263878E-03,-10.402038E-03
-28.700E-06,-9.213627E-03,-7.889476E-03
-25.800E-06,-19.263878E-03,+19.748715E-03
-22.900E-06,+10.886875E-03,-7.889476E-03
-20.000E-06,-19.263878E-03,-7.889476E-03
-17.100E-06,+61.138131E-03,-7.889476E-03
-14.200E-06,-19.263878E-03,+24.773841E-03
-11.300E-06,-19.263878E-03,+14.723589E-03
-8.400E-06,-19.263878E-03,-7.889476E-03
-5.500E-06,-14.238753E-03,-7.889476E-03
-2.600E-06,-19.263878E-03,-7.889476E-03
+300E-09,+2.955610462E+00,-20.452290E-03
+3.200E-06,+5.046062700E+00,+3.368994910E+00
+6.100E-06,+5.025962198E+00,+3.368994910E+00
+9.000E-06,+5.046062700E+00,+3.331306468E+00
+11.900E-06,+5.046062700E+00,+3.401658227E+00
+14.800E-06,+5.046062700E+00,+3.389095413E+00
+17.700E-06,+5.046062700E+00,+3.368994910E+00
+20.600E-06,+5.046062700E+00,+3.374020036E+00
+23.500E-06,+5.126464710E+00,+3.376532599E+00
+26.400E-06,+5.126464710E+00,+3.356432096E+00
+29.300E-06,+5.046062700E+00,+3.328793906E+00
+32.200E-06,+4.980736068E+00,+3.368994910E+00
+35.100E-06,+5.046062700E+00,+3.368994910E+00
+38.000E-06,+5.046062700E+00,+3.409195915E+00
+40.900E-06,+5.046062700E+00,+3.368994910E+00
+43.800E-06,+5.046062700E+00,+3.343869282E+00
+46.700E-06,+5.036012449E+00,+3.368994910E+00
+49.600E-06,+5.046062700E+00,+3.341356720E+00
+52.500E-06,+5.046062700E+00,+3.409195915E+00
+55.400E-06,+5.046062700E+00,+3.368994910E+00
+58.300E-06,+4.965660691E+00,+3.368994910E+00
+61.200E-06,+5.046062700E+00,+3.368994910E+00
+64.100E-06,+5.025962198E+00,+3.361457222E+00
+67.000E-06,+5.046062700E+00,+3.351406971E+00
+69.900E-06,+5.046062700E+00,+3.356432096E+00
+72.800E-06,+5.116414458E+00,+3.366482347E+00
+75.700E-06,+5.046062700E+00,+3.376532599E+00
+78.600E-06,+5.015911947E+00,+3.343869282E+00
+81.500E-06,+5.010886821E+00,+3.346381845E+00
+84.400E-06,+4.980736068E+00,+3.328793906E+00
+87.300E-06,+5.046062700E+00,+3.368994910E+00
+90.200E-06,+5.046062700E+00,+3.328793906E+00
+93.100E-06,+4.965660691E+00,+3.348894408E+00
+96.000E-06,+4.885258682E+00,+3.343869282E+00
+98.900E-06,+789.781339E-03,-2.864350E-03
+101.800E-06,-19.263878E-03,-48.090480E-03
+104.700E-06,-19.263878E-03,-33.015104E-03
+107.600E-06,-19.263878E-03,-22.964852E-03
+110.500E-06,-39.364381E-03,-38.040229E-03
+113.400E-06,-19.263878E-03,-45.577917E-03
+116.300E-06,-19.263878E-03,-38.040229E-03
+119.200E-06,-59.464883E-03,-25.477415E-03
+122.100E-06,+30.987377E-03,-7.889476E-03
+125.000E-06,-94.640762E-03,-7.889476E-03
+127.900E-06,-19.263878E-03,-40.552792E-03
+130.800E-06,-19.263878E-03,-20.452290E-03
+133.700E-06,-19.263878E-03,-7.889476E-03
+136.600E-06,-19.263878E-03,-7.889476E-03
+139.500E-06,-19.263878E-03,-7.889476E-03
+142.400E-06,-19.263878E-03,-7.889476E-03
+145.300E-06,-19.263878E-03,-7.889476E-03
+148.200E-06,+5.861749E-03,-7.889476E-03
+151.100E-06,-19.263878E-03,-15.427164E-03
+154.000E-06,-19.263878E-03,-7.889476E-03
+156.900E-06,-19.263878E-03,-7.889476E-03
+159.800E-06,+25.962252E-03,-7.889476E-03
+162.700E-06,+106.364261E-03,-7.889476E-03
+165.600E-06,-19.263878E-03,+32.311529E-03
+168.500E-06,-39.364381E-03,-7.889476E-03
+171.400E-06,-19.263878E-03,-7.889476E-03
+174.300E-06,-19.263878E-03,-20.452290E-03
+177.200E-06,-94.640762E-03,-43.065355E-03
+180.100E-06,-19.263878E-03,-7.889476E-03
+183.000E-06,+30.987377E-03,-7.889476E-03
+185.900E-06,-19.263878E-03,+17.236152E-03
+188.800E-06,+91.288884E-03,-15.427164E-03
+191.700E-06,+56.113005E-03,-7.889476E-03
+194.600E-06,-19.263878E-03,-7.889476E-03
+197.500E-06,-19.263878E-03,+32.311529E-03
+200.400E-06,-19.263878E-03,-33.015104E-03
+203.300E-06,-14.238753E-03,-43.065355E-03
+206.200E-06,+51.087880E-03,-7.889476E-03
+209.100E-06,+5.861749E-03,-7.889476E-03
+212.000E-06,-69.515134E-03,+17.236152E-03
+214.900E-06,-34.339255E-03,-15.427164E-03
+217.800E-06,-19.263878E-03,-7.889476E-03
+220.700E-06,-19.263878E-03,-7.889476E-03
+223.600E-06,-19.263878E-03,-27.989978E-03
+226.500E-06,-19.263878E-03,-7.889476E-03
+229.400E-06,-19.263878E-03,-7.889476E-03
+232.300E-06,-19.263878E-03,-7.889476E-03
+235.200E-06,+5.861749E-03,-7.889476E-03
+238.100E-06,-19.263878E-03,-7.889476E-03
+241.000E-06,-19.263878E-03,-38.040229E-03
+243.900E-06,+56.113005E-03,-7.889476E-03
+246.800E-06,-19.263878E-03,+2.160775E-03
+249.700E-06,-19.263878E-03,+14.723589E-03
+252.600E-06,-19.263878E-03,+19.748715E-03
+255.500E-06,-19.263878E-03,-7.889476E-03
+258.400E-06,+51.087880E-03,-7.889476E-03
+261.300E-06,-19.263878E-03,-7.889476E-03
+264.200E-06,-19.263878E-03,-7.889476E-03
+267.100E-06,-19.263878E-03,-7.889476E-03
+270.000E-06,-19.263878E-03,-7.889476E-03
+272.900E-06,-19.263878E-03,+24.773841E-03
+275.800E-06,-19.263878E-03,-25.477415E-03
+278.700E-06,+30.987377E-03,-7.889476E-03
+281.600E-06,-19.263878E-03,-2.864350E-03
+284.500E-06,+51.087880E-03,+24.773841E-03
+287.400E-06,-19.263878E-03,-33.015104E-03
+290.300E-06,+61.138131E-03,-7.889476E-03
+293.200E-06,+41.037628E-03,-7.889476E-03
+296.100E-06,-19.263878E-03,-45.577917E-03
+299.000E-06,-19.263878E-03,+24.773841E-03
+301.900E-06,+61.138131E-03,-7.889476E-03
+304.800E-06,+61.138131E-03,-7.889476E-03
+307.700E-06,+51.087880E-03,-10.402038E-03
+310.600E-06,-14.238753E-03,-43.065355E-03
+313.500E-06,-19.263878E-03,+7.185901E-03
+316.400E-06,-19.263878E-03,-7.889476E-03
+319.300E-06,-19.263878E-03,+2.160775E-03
+322.200E-06,-19.263878E-03,-7.889476E-03
+325.100E-06,-19.263878E-03,-7.889476E-03
+328.000E-06,+15.912001E-03,+14.723589E-03
+330.900E-06,-49.414632E-03,-7.889476E-03
+333.800E-06,-19.263878E-03,-7.889476E-03
+336.700E-06,-14.238753E-03,+29.798966E-03
+339.600E-06,-19.263878E-03,+19.748715E-03
+342.500E-06,-19.263878E-03,-7.889476E-03
+345.400E-06,-4.188502E-03,-7.889476E-03
+348.300E-06,+61.138131E-03,-7.889476E-03
+351.200E-06,-4.188502E-03,-7.889476E-03
+354.100E-06,-19.263878E-03,+14.723589E-03
+357.000E-06,+30.987377E-03,+19.748715E-03
+359.900E-06,-19.263878E-03,-7.889476E-03
+362.800E-06,-19.263878E-03,-10.402038E-03
+365.700E-06,+30.987377E-03,+7.185901E-03
+368.600E-06,-19.263878E-03,-7.889476E-03
+371.500E-06,-19.263878E-03,-7.889476E-03
+374.400E-06,-19.263878E-03,-45.577917E-03
+377.300E-06,-19.263878E-03,+24.773841E-03
+380.200E-06,-19.263878E-03,-48.090480E-03
+383.100E-06,-19.263878E-03,-7.889476E-03
+386.000E-06,-94.640762E-03,-38.040229E-03
+388.900E-06,+51.087880E-03,+29.798966E-03
+391.800E-06,-19.263878E-03,-7.889476E-03
+394.700E-06,+15.912001E-03,-7.889476E-03
+397.600E-06,-19.263878E-03,+24.773841E-03
+400.500E-06,-19.263878E-03,-7.889476E-03
+403.400E-06,-19.263878E-03,-48.090480E-03
+406.300E-06,+543.550186E-03,-7.889476E-03
+409.200E-06,+4.774705919E+00,+3.356432096E+00
+412.100E-06,+5.046062700E+00,+3.368994910E+00
+415.000E-06,+5.046062700E+00,+3.409195915E+00
+417.900E-06,+5.046062700E+00,+3.343869282E+00
+420.800E-06,+5.046062700E+00,+3.409195915E+00
+423.700E-06,+5.046062700E+00,+3.379045161E+00
+426.600E-06,+5.041037575E+00,+3.328793906E+00
+429.500E-06,+5.046062700E+00,+3.338844157E+00
+432.400E-06,+5.046062700E+00,+3.366482347E+00
+435.300E-06,+4.990786319E+00,+3.328793906E+00
+438.200E-06,+5.046062700E+00,+3.368994910E+00
+441.100E-06,+4.980736068E+00,+3.368994910E+00
+444.000E-06,+5.046062700E+00,+3.356432096E+00
+446.900E-06,+5.086263705E+00,+3.368994910E+00
+449.800E-06,+5.046062700E+00,+3.346381845E+00
+452.700E-06,+5.046062700E+00,+3.368994910E+00
+455.600E-06,+5.046062700E+00,+3.338844157E+00
+458.500E-06,+5.046062700E+00,+3.351406971E+00
+461.400E-06,+5.046062700E+00,+3.343869282E+00
+464.300E-06,+5.046062700E+00,+3.333819031E+00
+467.200E-06,+5.046062700E+00,+3.328793906E+00
+470.100E-06,+5.015911947E+00,+3.368994910E+00
+473.000E-06,+5.005861696E+00,+3.348894408E+00
+475.900E-06,+5.046062700E+00,+3.328793906E+00
+478.800E-06,+5.041037575E+00,+3.331306468E+00
+481.700E-06,+5.046062700E+00,+3.361457222E+00
+484.600E-06,+5.081238579E+00,+3.351406971E+00
+487.500E-06,+5.046062700E+00,+3.343869282E+00
+490.400E-06,+5.046062700E+00,+3.338844157E+00
+493.300E-06,+5.036012449E+00,+3.401658227E+00
+496.200E-06,+4.990786319E+00,+3.343869282E+00
+499.100E-06,+5.000836570E+00,+3.368994910E+00
+502.000E-06,+5.046062700E+00,+3.338844157E+00
+504.900E-06,+4.965660691E+00,+3.331306468E+00
+507.800E-06,+5.046062700E+00,+3.338844157E+00
+510.700E-06,+5.046062700E+00,+3.368994910E+00
+513.600E-06,+5.046062700E+00,+3.356432096E+00
+516.500E-06,+5.046062700E+00,+3.366482347E+00
+519.400E-06,+5.046062700E+00,+3.328793906E+00
+522.300E-06,+4.990786319E+00,+3.343869282E+00
+525.200E-06,+5.005861696E+00,+3.351406971E+00
+528.100E-06,+5.025962198E+00,+3.368994910E+00
+531.000E-06,+5.046062700E+00,+3.331306468E+00
+533.900E-06,+4.980736068E+00,+3.338844157E+00
+536.800E-06,+5.046062700E+00,+3.328793906E+00
+539.700E-06,+5.046062700E+00,+3.328793906E+00
+542.600E-06,+4.965660691E+00,+3.333819031E+00
+545.500E-06,+3.347570256E+00,+3.333819031E+00
+548.400E-06,+4.081238590E+00,+3.328793906E+00
+551.300E-06,+2.714404434E+00,+3.351406971E+00
+554.200E-06,+2.407871774E+00,+3.338844157E+00
+557.100E-06,+1.267168269E+00,-7.889476E-03
+560.000E-06,+201.841647E-03,-7.889476E-03
+562.900E-06,+20.937126E-03,+14.723589E-03
+565.800E-06,-49.414632E-03,-33.015104E-03
+568.700E-06,-19.263878E-03,-7.889476E-03
+571.600E-06,-94.640762E-03,-10.402038E-03
+574.500E-06,-19.263878E-03,-20.452290E-03
+577.400E-06,-19.263878E-03,-7.889476E-03
+580.300E-06,-84.590511E-03,-7.889476E-03
+583.200E-06,-24.289004E-03,-7.889476E-03
+586.100E-06,+61.138131E-03,-38.040229E-03
+589.000E-06,-19.263878E-03,-25.477415E-03
+591.900E-06,-49.414632E-03,-7.889476E-03
+594.800E-06,-19.263878E-03,-7.889476E-03
+597.700E-06,-19.263878E-03,-10.402038E-03
+600.600E-06,+5.861749E-03,-7.889476E-03
+603.500E-06,-19.263878E-03,-25.477415E-03
+606.400E-06,+41.037628E-03,-38.040229E-03
+609.300E-06,-19.263878E-03,-7.889476E-03
+612.200E-06,-19.263878E-03,-7.889476E-03
+615.100E-06,-19.263878E-03,-2.864350E-03
+618.000E-06,-19.263878E-03,+7.185901E-03
+620.900E-06,-94.640762E-03,-10.402038E-03
+623.800E-06,-19.263878E-03,-43.065355E-03
+626.700E-06,+5.861749E-03,-7.889476E-03
+629.600E-06,-29.314130E-03,-2.864350E-03
+632.500E-06,-19.263878E-03,-7.889476E-03
+635.400E-06,-19.263878E-03,-7.889476E-03
+638.300E-06,-4.188502E-03,-38.040229E-03
+641.200E-06,+51.087880E-03,-7.889476E-03
+644.100E-06,-99.665888E-03,-7.889476E-03
+647.000E-06,-19.263878E-03,-7.889476E-03
+649.900E-06,-19.263878E-03,-2.864350E-03
+652.800E-06,-19.263878E-03,-48.090480E-03
+655.700E-06,-29.314130E-03,+14.723589E-03
+658.600E-06,-19.263878E-03,-7.889476E-03
+661.500E-06,+61.138131E-03,+32.311529E-03
+664.400E-06,-19.263878E-03,-7.889476E-03
+667.300E-06,-19.263878E-03,+12.211027E-03
+670.200E-06,-19.263878E-03,-7.889476E-03
+673.100E-06,-94.640762E-03,-43.065355E-03
+676.000E-06,+51.087880E-03,-43.065355E-03
+678.900E-06,+30.987377E-03,-7.889476E-03
+681.800E-06,-19.263878E-03,-7.889476E-03
+684.700E-06,-19.263878E-03,-15.427164E-03
+687.600E-06,-19.263878E-03,-5.376913E-03
+690.500E-06,-19.263878E-03,-7.889476E-03
+693.400E-06,-59.464883E-03,-7.889476E-03
+696.300E-06,-19.263878E-03,+7.185901E-03
+699.200E-06,-19.263878E-03,-7.889476E-03
+702.100E-06,-14.238753E-03,-10.402038E-03
+705.000E-06,+30.987377E-03,-7.889476E-03
+707.900E-06,-19.263878E-03,+12.211027E-03
+710.800E-06,+41.037628E-03,-7.889476E-03
+713.700E-06,+56.113005E-03,+32.311529E-03
+716.600E-06,-19.263878E-03,-7.889476E-03
+719.500E-06,+20.937126E-03,+14.723589E-03
+722.400E-06,-19.263878E-03,-20.452290E-03
+725.300E-06,-19.263878E-03,-7.889476E-03
+728.200E-06,-19.263878E-03,-2.864350E-03
+731.100E-06,-19.263878E-03,-7.889476E-03
+734.000E-06,-19.263878E-03,+12.211027E-03
+736.900E-06,-19.263878E-03,-7.889476E-03
+739.800E-06,-19.263878E-03,-7.889476E-03
+742.700E-06,+41.037628E-03,+2.160775E-03
+745.600E-06,+61.138131E-03,-7.889476E-03
+748.500E-06,-19.263878E-03,+19.748715E-03
+751.400E-06,-19.263878E-03,-2.864350E-03
+754.300E-06,-19.263878E-03,+29.798966E-03
+757.200E-06,-19.263878E-03,+32.311529E-03
+760.100E-06,-19.263878E-03,-7.889476E-03
+763.000E-06,+41.037628E-03,-7.889476E-03
+765.900E-06,-19.263878E-03,-7.889476E-03
+768.800E-06,-19.263878E-03,-7.889476E-03
+771.700E-06,-19.263878E-03,+17.236152E-03
+774.600E-06,-129.816641E-03,+32.311529E-03
+777.500E-06,-19.263878E-03,-10.402038E-03
+780.400E-06,-19.263878E-03,-10.402038E-03
+783.300E-06,-19.263878E-03,-20.452290E-03
+786.200E-06,-19.263878E-03,-7.889476E-03
+789.100E-06,-19.263878E-03,-38.040229E-03
+792.000E-06,-19.263878E-03,-5.376913E-03
+794.900E-06,-19.263878E-03,-30.502541E-03
+797.800E-06,-19.263878E-03,-22.964852E-03
+800.700E-06,+81.238633E-03,-7.889476E-03
+803.600E-06,+51.087880E-03,+2.160775E-03
+806.500E-06,-19.263878E-03,-7.889476E-03
+809.400E-06,+30.987377E-03,-7.889476E-03
+812.300E-06,+61.138131E-03,-7.889476E-03
+815.200E-06,-19.263878E-03,-7.889476E-03
+818.100E-06,-19.263878E-03,-7.889476E-03
+821.000E-06,-19.263878E-03,-7.889476E-03
+823.900E-06,+25.962252E-03,-351.787E-06
+826.800E-06,-19.263878E-03,+7.185901E-03
+829.700E-06,-19.263878E-03,-7.889476E-03
+832.600E-06,+51.087880E-03,-10.402038E-03
+835.500E-06,-19.263878E-03,+19.748715E-03
+838.400E-06,-19.263878E-03,+12.211027E-03
+841.300E-06,-19.263878E-03,+24.773841E-03
+844.200E-06,-19.263878E-03,-45.577917E-03
+847.100E-06,-4.188502E-03,-15.427164E-03
+850.000E-06,-9.213627E-03,-7.889476E-03
+852.900E-06,+61.138131E-03,-7.889476E-03
+855.800E-06,-14.238753E-03,+29.798966E-03
+858.700E-06,-14.238753E-03,+29.798966E-03
+861.600E-06,-19.263878E-03,-20.452290E-03
+864.500E-06,+15.912001E-03,+32.311529E-03
+867.400E-06,-19.263878E-03,+24.773841E-03
+870.300E-06,-19.263878E-03,-7.889476E-03
+873.200E-06,-19.263878E-03,-7.889476E-03
+876.100E-06,-19.263878E-03,+17.236152E-03
+879.000E-06,+5.861749E-03,+7.185901E-03
+881.900E-06,-19.263878E-03,-7.889476E-03
+884.800E-06,-19.263878E-03,-7.889476E-03
+887.700E-06,-19.263878E-03,+19.748715E-03
+890.600E-06,-19.263878E-03,+12.211027E-03
+893.500E-06,-19.263878E-03,-7.889476E-03
+896.400E-06,-19.263878E-03,-5.376913E-03
+899.300E-06,-4.188502E-03,-7.889476E-03
+902.200E-06,-54.439757E-03,-351.787E-06
+905.100E-06,-19.263878E-03,-7.889476E-03
+908.000E-06,-19.263878E-03,-10.402038E-03
+910.900E-06,-19.263878E-03,-7.889476E-03
+913.800E-06,-19.263878E-03,-20.452290E-03
+916.700E-06,-19.263878E-03,-25.477415E-03
+919.600E-06,-19.263878E-03,+2.160775E-03
+922.500E-06,+56.113005E-03,-7.889476E-03
+925.400E-06,+41.037628E-03,-7.889476E-03
+928.300E-06,+61.138131E-03,+9.698464E-03
+931.200E-06,-74.540260E-03,-7.889476E-03
+934.100E-06,-19.263878E-03,-7.889476E-03
+937.000E-06,-19.263878E-03,-2.864350E-03
+939.900E-06,-19.263878E-03,-7.889476E-03
+942.800E-06,-19.263878E-03,+12.211027E-03
+945.700E-06,-19.263878E-03,+2.160775E-03
+948.600E-06,+61.138131E-03,+32.311529E-03
+951.500E-06,+41.037628E-03,-7.889476E-03
+954.400E-06,+10.886875E-03,-7.889476E-03
+957.300E-06,-19.263878E-03,+7.185901E-03
+960.200E-06,-19.263878E-03,+27.286403E-03
+963.100E-06,-19.263878E-03,-10.402038E-03
+966.000E-06,+5.861749E-03,-7.889476E-03
+968.900E-06,-19.263878E-03,+32.311529E-03
+971.800E-06,-19.263878E-03,-27.989978E-03
+974.700E-06,-24.289004E-03,-45.577917E-03
+977.600E-06,-19.263878E-03,-7.889476E-03
+980.500E-06,-19.263878E-03,-7.889476E-03
+983.400E-06,+30.987377E-03,+7.185901E-03
+986.300E-06,-9.213627E-03,-7.889476E-03
+989.200E-06,-14.238753E-03,+29.798966E-03
+992.100E-06,+30.987377E-03,+19.748715E-03
+995.000E-06,+20.937126E-03,+12.211027E-03
+997.900E-06,-19.263878E-03,-15.427164E-03
+1.000800E-03,-19.263878E-03,-7.889476E-03
+1.003700E-03,-19.263878E-03,-15.427164E-03
+1.006600E-03,-19.263878E-03,-7.889476E-03
+1.009500E-03,-19.263878E-03,+7.185901E-03
+1.012400E-03,-19.263878E-03,-7.889476E-03
+1.015300E-03,-19.263878E-03,-7.889476E-03
+1.018200E-03,+30.987377E-03,+19.748715E-03
+1.021100E-03,+20.937126E-03,+12.211027E-03
+1.024000E-03,-4.188502E-03,-7.889476E-03
+1.026900E-03,-19.263878E-03,-5.376913E-03
+1.029800E-03,-19.263878E-03,+32.311529E-03
+1.032700E-03,-19.263878E-03,-7.889476E-03
+1.035600E-03,-19.263878E-03,+19.748715E-03
+1.038500E-03,-19.263878E-03,-12.914601E-03
+1.041400E-03,+51.087880E-03,-7.889476E-03
+1.044300E-03,+30.987377E-03,-7.889476E-03
+1.047200E-03,+15.912001E-03,+14.723589E-03
+1.050100E-03,-19.263878E-03,-7.889476E-03
+1.053000E-03,-19.263878E-03,-7.889476E-03
+1.055900E-03,-19.263878E-03,+24.773841E-03
+1.058800E-03,+25.962252E-03,-22.964852E-03
+1.061700E-03,-19.263878E-03,+19.748715E-03
+1.064600E-03,-19.263878E-03,-7.889476E-03
+1.067500E-03,-19.263878E-03,+32.311529E-03
+1.070400E-03,-19.263878E-03,-7.889476E-03
+1.073300E-03,-19.263878E-03,-7.889476E-03
+1.076200E-03,-19.263878E-03,-27.989978E-03
+1.079100E-03,-19.263878E-03,+32.311529E-03
+1.082000E-03,+41.037628E-03,+24.773841E-03
+1.084900E-03,-159.967395E-03,+9.698464E-03
+1.087800E-03,-19.263878E-03,+19.748715E-03
+1.090700E-03,+46.062754E-03,-7.889476E-03
+1.093600E-03,-19.263878E-03,-7.889476E-03
+1.096500E-03,-19.263878E-03,-7.889476E-03
+1.099400E-03,+15.912001E-03,+12.211027E-03
+1.102300E-03,-19.263878E-03,-7.889476E-03
+1.105200E-03,-19.263878E-03,-7.889476E-03
+1.108100E-03,-4.188502E-03,+2.160775E-03
+1.111000E-03,-69.515134E-03,-7.889476E-03
+1.113900E-03,-19.263878E-03,-17.939727E-03
+1.116800E-03,-19.263878E-03,-351.787E-06
+1.119700E-03,-19.263878E-03,-2.864350E-03
+1.122600E-03,-19.263878E-03,-7.889476E-03
+1.125500E-03,+15.912001E-03,-7.889476E-03
+1.128400E-03,-19.263878E-03,+2.160775E-03
+1.131300E-03,-19.263878E-03,-7.889476E-03
+1.134200E-03,-19.263878E-03,+2.160775E-03
+1.137100E-03,+25.962252E-03,-7.889476E-03
+1.140000E-03,+30.987377E-03,-7.889476E-03
+1.142900E-03,-19.263878E-03,-7.889476E-03
+1.145800E-03,-94.640762E-03,-7.889476E-03
+1.148700E-03,-19.263878E-03,-7.889476E-03
+1.151600E-03,-19.263878E-03,-7.889476E-03
+1.154500E-03,-4.188502E-03,-7.889476E-03
+1.157400E-03,-19.263878E-03,-7.889476E-03
+1.160300E-03,+41.037628E-03,+24.773841E-03
+1.163200E-03,-19.263878E-03,-7.889476E-03
+1.166100E-03,+61.138131E-03,-7.889476E-03
+1.169000E-03,-19.263878E-03,-35.527666E-03
+1.171900E-03,-14.238753E-03,+29.798966E-03
+1.174800E-03,-79.565385E-03,-35.527666E-03
+1.177700E-03,-19.263878E-03,-7.889476E-03
+1.180600E-03,-19.263878E-03,-7.889476E-03
+1.183500E-03,-19.263878E-03,-45.577917E-03
+1.186400E-03,-4.188502E-03,+24.773841E-03
+1.189300E-03,-34.339255E-03,-12.914601E-03
+1.192200E-03,+5.861749E-03,-7.889476E-03
+1.195100E-03,-19.263878E-03,-7.889476E-03
+1.198000E-03,-19.263878E-03,+29.798966E-03
+1.200900E-03,+836.624E-06,-7.889476E-03
+1.203800E-03,+61.138131E-03,-7.889476E-03
+1.206700E-03,-19.263878E-03,-38.040229E-03
+1.209600E-03,-19.263878E-03,-7.889476E-03
+1.212500E-03,-4.188502E-03,-7.889476E-03
+1.215400E-03,-19.263878E-03,+9.698464E-03
+1.218300E-03,-19.263878E-03,-7.889476E-03
+1.221200E-03,-9.213627E-03,-12.914601E-03
+1.224100E-03,-19.263878E-03,-43.065355E-03
+1.227000E-03,+61.138131E-03,+4.673338E-03
+1.229900E-03,+20.937126E-03,+14.723589E-03
+1.232800E-03,+41.037628E-03,+24.773841E-03
+1.235700E-03,-19.263878E-03,+32.311529E-03
+1.238600E-03,-19.263878E-03,-7.889476E-03
+1.241500E-03,-19.263878E-03,-7.889476E-03
+1.244400E-03,-19.263878E-03,-7.889476E-03
+1.247300E-03,-9.213627E-03,+27.286403E-03
+1.250200E-03,-14.238753E-03,-40.552792E-03
+1.253100E-03,-19.263878E-03,-7.889476E-03
+1.256000E-03,-19.263878E-03,+32.311529E-03
+1.258900E-03,-19.263878E-03,-7.889476E-03
+1.261800E-03,+56.113005E-03,-7.889476E-03
+1.264700E-03,-19.263878E-03,+2.160775E-03
+1.267600E-03,-19.263878E-03,-30.502541E-03
+1.270500E-03,+5.861749E-03,-7.889476E-03
+1.273400E-03,-19.263878E-03,+27.286403E-03
+1.276300E-03,-19.263878E-03,-7.889476E-03
+1.279200E-03,+836.624E-06,+4.673338E-03
+1.282100E-03,-19.263878E-03,-25.477415E-03
+1.285000E-03,-19.263878E-03,-7.889476E-03
+1.287900E-03,+56.113005E-03,+32.311529E-03
+1.290800E-03,-84.590511E-03,-15.427164E-03
+1.293700E-03,-19.263878E-03,+17.236152E-03
+1.296600E-03,+5.861749E-03,-7.889476E-03
+1.299500E-03,-19.263878E-03,-12.914601E-03
+1.302400E-03,+126.464763E-03,-10.402038E-03
+1.305300E-03,-19.263878E-03,+32.311529E-03
+1.308200E-03,+20.937126E-03,-7.889476E-03
+1.311100E-03,+836.624E-06,-35.527666E-03
+1.314000E-03,-19.263878E-03,-7.889476E-03
+1.316900E-03,-19.263878E-03,-7.889476E-03
+1.319800E-03,+25.962252E-03,+9.698464E-03
+1.322700E-03,-19.263878E-03,-20.452290E-03
+1.325600E-03,+46.062754E-03,+27.286403E-03
+1.328500E-03,-19.263878E-03,-2.864350E-03
+1.331400E-03,-19.263878E-03,+22.261278E-03
+1.334300E-03,-19.263878E-03,+32.311529E-03
+1.337200E-03,-19.263878E-03,+4.673338E-03
+1.340100E-03,-19.263878E-03,+32.311529E-03
+1.343000E-03,-19.263878E-03,-15.427164E-03
+1.345900E-03,-19.263878E-03,+39.849217E-03
+1.348800E-03,-19.263878E-03,+7.185901E-03
+1.351700E-03,+46.062754E-03,-7.889476E-03
+1.354600E-03,+51.087880E-03,-10.402038E-03
+1.357500E-03,+36.012503E-03,+32.311529E-03
+1.360400E-03,-19.263878E-03,-7.889476E-03
+1.363300E-03,-19.263878E-03,+22.261278E-03
+1.366200E-03,-19.263878E-03,-7.889476E-03
+1.369100E-03,-4.188502E-03,-7.889476E-03
+1.372000E-03,-19.263878E-03,+9.698464E-03
+1.374900E-03,+30.987377E-03,-7.889476E-03
+1.377800E-03,+61.138131E-03,-7.889476E-03
+1.380700E-03,+51.087880E-03,-7.889476E-03
+1.383600E-03,+836.624E-06,-7.889476E-03
+1.386500E-03,-19.263878E-03,-7.889476E-03
+1.389400E-03,-79.565385E-03,-7.889476E-03
+1.392300E-03,-19.263878E-03,-7.889476E-03
+1.395200E-03,-19.263878E-03,+24.773841E-03
+1.398100E-03,-19.263878E-03,+9.698464E-03
+1.401000E-03,+30.987377E-03,+7.185901E-03
+1.403900E-03,-19.263878E-03,-35.527666E-03
+1.406800E-03,-19.263878E-03,+29.798966E-03
+1.409700E-03,+836.624E-06,+22.261278E-03
+1.412600E-03,-19.263878E-03,-27.989978E-03
+1.415500E-03,+36.012503E-03,-7.889476E-03
+1.418400E-03,-99.665888E-03,-7.889476E-03
+1.421300E-03,+41.037628E-03,-7.889476E-03
+1.424200E-03,+10.886875E-03,-7.889476E-03
+1.427100E-03,+5.861749E-03,-7.889476E-03
+1.430000E-03,-19.263878E-03,-40.552792E-03
+1.432900E-03,-19.263878E-03,-7.889476E-03
+1.435800E-03,-79.565385E-03,-7.889476E-03
+1.438700E-03,+20.937126E-03,+12.211027E-03
+1.441600E-03,+36.012503E-03,-7.889476E-03
+1.444500E-03,-19.263878E-03,+32.311529E-03
+1.447400E-03,-19.263878E-03,-7.889476E-03
+1.450300E-03,-19.263878E-03,+9.698464E-03
+1.453200E-03,-19.263878E-03,+7.185901E-03
+1.456100E-03,-19.263878E-03,-40.552792E-03
+1.459000E-03,-14.238753E-03,-7.889476E-03
+1.461900E-03,-19.263878E-03,+22.261278E-03
+1.464800E-03,-64.490009E-03,-7.889476E-03
+1.467700E-03,-19.263878E-03,-17.939727E-03
+1.470600E-03,-19.263878E-03,-5.376913E-03
+1.473500E-03,+46.062754E-03,-48.090480E-03
+1.476400E-03,+10.886875E-03,-48.090480E-03
+1.479300E-03,+5.861749E-03,-7.889476E-03
+1.482200E-03,-19.263878E-03,+32.311529E-03
+1.485100E-03,+51.087880E-03,-2.864350E-03
+1.488000E-03,+836.624E-06,-7.889476E-03
+1.490900E-03,-19.263878E-03,-7.889476E-03
+1.493800E-03,+836.624E-06,-7.889476E-03
+1.496700E-03,-24.289004E-03,-7.889476E-03
+1.499600E-03,-9.213627E-03,-40.552792E-03
+1.502500E-03,+10.886875E-03,-22.964852E-03
+1.505400E-03,-19.263878E-03,-7.889476E-03
+1.508300E-03,-19.263878E-03,-7.889476E-03
+1.511200E-03,+51.087880E-03,-7.889476E-03
+1.514100E-03,-19.263878E-03,-17.939727E-03
+1.517000E-03,-19.263878E-03,-7.889476E-03
+1.519900E-03,-19.263878E-03,-7.889476E-03
+1.522800E-03,-19.263878E-03,-5.376913E-03
+1.525700E-03,-89.615637E-03,-7.889476E-03
+1.528600E-03,+25.962252E-03,-7.889476E-03
+1.531500E-03,-19.263878E-03,+19.748715E-03
+1.534400E-03,-19.263878E-03,-7.889476E-03
+1.537300E-03,-19.263878E-03,-43.065355E-03
+1.540200E-03,-19.263878E-03,-22.964852E-03
+1.543100E-03,-19.263878E-03,-7.889476E-03
+1.546000E-03,+836.624E-06,-7.889476E-03
+1.548900E-03,-24.289004E-03,-45.577917E-03
+1.551800E-03,-9.213627E-03,-7.889476E-03
+1.554700E-03,-19.263878E-03,-30.502541E-03
+1.557600E-03,-19.263878E-03,-20.452290E-03
+1.560500E-03,+46.062754E-03,-7.889476E-03
+1.563400E-03,-19.263878E-03,-7.889476E-03
+1.566300E-03,-19.263878E-03,+32.311529E-03
+1.569200E-03,+15.912001E-03,-7.889476E-03
+1.572100E-03,-19.263878E-03,+4.673338E-03
+1.575000E-03,-19.263878E-03,+32.311529E-03
+1.577900E-03,-19.263878E-03,-33.015104E-03
+1.580800E-03,+25.962252E-03,+17.236152E-03
+1.583700E-03,-19.263878E-03,+32.311529E-03
+1.586600E-03,-19.263878E-03,-35.527666E-03
+1.589500E-03,-19.263878E-03,+32.311529E-03
+1.592400E-03,-19.263878E-03,-35.527666E-03
+1.595300E-03,-19.263878E-03,+14.723589E-03
+1.598200E-03,-19.263878E-03,-7.889476E-03
+1.601100E-03,-19.263878E-03,+29.798966E-03
+1.604000E-03,-9.213627E-03,-7.889476E-03
+1.606900E-03,-19.263878E-03,-15.427164E-03
+1.609800E-03,-19.263878E-03,+7.185901E-03
+1.612700E-03,-19.263878E-03,+27.286403E-03
+1.615600E-03,-29.314130E-03,-2.864350E-03
+1.618500E-03,+61.138131E-03,-7.889476E-03
+1.621400E-03,-19.263878E-03,-7.889476E-03
+1.624300E-03,+836.624E-06,+22.261278E-03
+1.627200E-03,-19.263878E-03,+32.311529E-03
+1.630100E-03,-89.615637E-03,-7.889476E-03
+1.633000E-03,-19.263878E-03,-22.964852E-03
+1.635900E-03,+10.886875E-03,-7.889476E-03
+1.638800E-03,-19.263878E-03,-7.889476E-03
+1.641700E-03,+61.138131E-03,-43.065355E-03
+1.644600E-03,+36.012503E-03,+22.261278E-03
+1.647500E-03,-19.263878E-03,-25.477415E-03
+1.650400E-03,-19.263878E-03,-35.527666E-03
+1.653300E-03,-19.263878E-03,-7.889476E-03
+1.656200E-03,-19.263878E-03,+27.286403E-03
+1.659100E-03,+25.962252E-03,-22.964852E-03
+1.662000E-03,+10.886875E-03,+17.236152E-03
+1.664900E-03,+46.062754E-03,+32.311529E-03
+1.667800E-03,-19.263878E-03,-43.065355E-03
+1.670700E-03,-19.263878E-03,+22.261278E-03
+1.673600E-03,-19.263878E-03,-7.889476E-03
+1.676500E-03,-19.263878E-03,-7.889476E-03
+1.679400E-03,+56.113005E-03,-7.889476E-03
+1.682300E-03,+46.062754E-03,+27.286403E-03
+1.685200E-03,-19.263878E-03,-7.889476E-03
+1.688100E-03,-19.263878E-03,+9.698464E-03
+1.691000E-03,-19.263878E-03,+22.261278E-03
+1.693900E-03,-14.238753E-03,-7.889476E-03
+1.696800E-03,-79.565385E-03,+4.673338E-03
+1.699700E-03,-19.263878E-03,-25.477415E-03
+1.702600E-03,-19.263878E-03,-7.889476E-03
+1.705500E-03,-19.263878E-03,-7.889476E-03
+1.708400E-03,-9.213627E-03,-7.889476E-03
+1.711300E-03,-19.263878E-03,-7.889476E-03
+1.714200E-03,-19.263878E-03,+9.698464E-03
+1.717100E-03,-9.213627E-03,-7.889476E-03
+1.720000E-03,-19.263878E-03,-7.889476E-03
+1.722900E-03,-19.263878E-03,-7.889476E-03
+1.725800E-03,-19.263878E-03,+12.211027E-03
+1.728700E-03,+836.624E-06,-7.889476E-03
+1.731600E-03,+56.113005E-03,+32.311529E-03
+1.734500E-03,-9.213627E-03,-7.889476E-03
+1.737400E-03,-19.263878E-03,-22.964852E-03
+1.740300E-03,+10.886875E-03,-7.889476E-03
+1.743200E-03,+46.062754E-03,-7.889476E-03
+1.746100E-03,+51.087880E-03,-7.889476E-03
+1.749000E-03,+36.012503E-03,-35.527666E-03
+1.751900E-03,-19.263878E-03,+12.211027E-03
+1.754800E-03,-19.263878E-03,-7.889476E-03
+1.757700E-03,-19.263878E-03,-7.889476E-03
+1.760600E-03,-19.263878E-03,-351.787E-06
+1.763500E-03,-19.263878E-03,-7.889476E-03
+1.766400E-03,-19.263878E-03,-15.427164E-03
+1.769300E-03,-74.540260E-03,-7.889476E-03
+1.772200E-03,-14.238753E-03,+32.311529E-03
+1.775100E-03,-79.565385E-03,-7.889476E-03
+1.778000E-03,+15.912001E-03,-7.889476E-03
+1.780900E-03,-19.263878E-03,-7.889476E-03
+1.783800E-03,-24.289004E-03,-7.889476E-03
+1.786700E-03,-19.263878E-03,-7.889476E-03
+1.789600E-03,+25.962252E-03,-7.889476E-03
+1.792500E-03,+10.886875E-03,-7.889476E-03
+1.795400E-03,-19.263878E-03,+27.286403E-03
+1.798300E-03,-19.263878E-03,-7.889476E-03
+1.801200E-03,-19.263878E-03,+22.261278E-03
+1.804100E-03,-19.263878E-03,-27.989978E-03
+1.807000E-03,+36.012503E-03,-7.889476E-03
+1.809900E-03,-19.263878E-03,-45.577917E-03
+1.812800E-03,-19.263878E-03,+32.311529E-03
+1.815700E-03,+10.886875E-03,-7.889476E-03
+1.818600E-03,+25.962252E-03,-7.889476E-03
+1.821500E-03,-19.263878E-03,-40.552792E-03
+1.824400E-03,-19.263878E-03,-7.889476E-03
+1.827300E-03,-19.263878E-03,+22.261278E-03
+1.830200E-03,-19.263878E-03,+14.723589E-03
+1.833100E-03,+36.012503E-03,-7.889476E-03
+1.836000E-03,-19.263878E-03,-7.889476E-03
+1.838900E-03,-34.339255E-03,-40.552792E-03
+1.841800E-03,-19.263878E-03,+32.311529E-03
+1.844700E-03,-19.263878E-03,+17.236152E-03
+1.847600E-03,+46.062754E-03,-7.889476E-03
+1.850500E-03,-19.263878E-03,+32.311529E-03
+1.853400E-03,-19.263878E-03,+22.261278E-03
+1.856300E-03,-19.263878E-03,-7.889476E-03
+1.859200E-03,-19.263878E-03,+12.211027E-03
+1.862100E-03,-19.263878E-03,-5.376913E-03
+1.865000E-03,-19.263878E-03,-40.552792E-03
+1.867900E-03,+10.886875E-03,-7.889476E-03
+1.870800E-03,+25.962252E-03,-30.502541E-03
+1.873700E-03,-19.263878E-03,-40.552792E-03
+1.876600E-03,-19.263878E-03,-7.889476E-03
+1.879500E-03,-19.263878E-03,-7.889476E-03
+1.882400E-03,-64.490009E-03,+14.723589E-03
+1.885300E-03,-19.263878E-03,+22.261278E-03
+1.888200E-03,-19.263878E-03,-7.889476E-03
+1.891100E-03,-19.263878E-03,-12.914601E-03
+1.894000E-03,+25.962252E-03,-7.889476E-03
+1.896900E-03,-19.263878E-03,+17.236152E-03
+1.899800E-03,+46.062754E-03,-48.090480E-03
+1.902700E-03,+66.163256E-03,-5.376913E-03
+1.905600E-03,+36.012503E-03,-7.889476E-03
+1.908500E-03,-19.263878E-03,-25.477415E-03
+1.911400E-03,+836.624E-06,-25.477415E-03
+1.914300E-03,-19.263878E-03,+29.798966E-03
+1.917200E-03,+46.062754E-03,-7.889476E-03
+1.920100E-03,-19.263878E-03,-22.964852E-03
+1.923000E-03,-19.263878E-03,-7.889476E-03
+1.925900E-03,-9.213627E-03,-7.889476E-03
+1.928800E-03,-250.419655E-03,-7.889476E-03
+1.931700E-03,-19.263878E-03,+32.311529E-03
+1.934600E-03,-19.263878E-03,+14.723589E-03
+1.937500E-03,-19.263878E-03,-17.939727E-03
+1.940400E-03,+61.138131E-03,-7.889476E-03
+1.943300E-03,-19.263878E-03,-40.552792E-03
+1.946200E-03,+61.138131E-03,-7.889476E-03
+1.949100E-03,+10.886875E-03,-15.427164E-03
+1.952000E-03,-74.540260E-03,-7.889476E-03
+1.954900E-03,-19.263878E-03,+32.311529E-03
+1.957800E-03,-19.263878E-03,-7.889476E-03
+1.960700E-03,+20.937126E-03,+14.723589E-03
+1.963600E-03,+36.012503E-03,-7.889476E-03
+1.966500E-03,-19.263878E-03,-43.065355E-03
+1.969400E-03,-19.263878E-03,-7.889476E-03
+1.972300E-03,-19.263878E-03,-7.889476E-03
+1.975200E-03,-4.188502E-03,-30.502541E-03
+1.978100E-03,-19.263878E-03,-7.889476E-03
+1.981000E-03,+56.113005E-03,+32.311529E-03
+1.983900E-03,+836.624E-06,-17.939727E-03
+1.986800E-03,+61.138131E-03,-7.889476E-03
+1.989700E-03,-19.263878E-03,-7.889476E-03
+1.992600E-03,-19.263878E-03,-45.577917E-03
+1.995500E-03,-19.263878E-03,-7.889476E-03
+1.998400E-03,+10.886875E-03,-7.889476E-03
+2.001300E-03,-19.263878E-03,-22.964852E-03
+2.004200E-03,-9.213627E-03,-7.889476E-03
+2.007100E-03,+56.113005E-03,-45.577917E-03
+2.010000E-03,-19.263878E-03,-17.939727E-03
+2.012900E-03,+20.937126E-03,+12.211027E-03
+2.015800E-03,-19.263878E-03,-48.090480E-03
+2.018700E-03,-19.263878E-03,+29.798966E-03
+2.021600E-03,-34.339255E-03,-7.889476E-03
+2.024500E-03,-19.263878E-03,+2.160775E-03
+2.027400E-03,-19.263878E-03,-22.964852E-03
+2.030300E-03,-19.263878E-03,-7.889476E-03
+2.033200E-03,+56.113005E-03,-7.889476E-03
+2.036100E-03,+836.624E-06,-7.889476E-03
+2.039000E-03,-19.263878E-03,-7.889476E-03
+2.041900E-03,-19.263878E-03,-7.889476E-03
+2.044800E-03,+56.113005E-03,-7.889476E-03
+2.047700E-03,-9.213627E-03,-351.787E-06
+2.050600E-03,-19.263878E-03,+32.311529E-03
+2.053500E-03,+61.138131E-03,+9.698464E-03
+2.056400E-03,+46.062754E-03,-351.787E-06
+2.059300E-03,-19.263878E-03,-43.065355E-03
+2.062200E-03,-19.263878E-03,-7.889476E-03
+2.065100E-03,-19.263878E-03,-7.889476E-03
+2.068000E-03,-19.263878E-03,-7.889476E-03
+2.070900E-03,-19.263878E-03,-5.376913E-03
+2.073800E-03,-9.213627E-03,-7.889476E-03
+2.076700E-03,-19.263878E-03,+9.698464E-03
+2.079600E-03,+10.886875E-03,+17.236152E-03
+2.082500E-03,-19.263878E-03,-7.889476E-03
+2.085400E-03,-19.263878E-03,-45.577917E-03
+2.088300E-03,+836.624E-06,+4.673338E-03
+2.091200E-03,+61.138131E-03,-7.889476E-03
+2.094100E-03,+10.886875E-03,-7.889476E-03
+2.097000E-03,-24.289004E-03,-45.577917E-03
+2.099900E-03,-19.263878E-03,-7.889476E-03
+2.102800E-03,+10.886875E-03,+9.698464E-03
+2.105700E-03,-19.263878E-03,-7.889476E-03
+2.108600E-03,+46.062754E-03,+27.286403E-03
+2.111500E-03,-19.263878E-03,+29.798966E-03
+2.114400E-03,+36.012503E-03,-7.889476E-03
+2.117300E-03,-19.263878E-03,+12.211027E-03
+2.120200E-03,-19.263878E-03,+4.673338E-03
+2.123100E-03,-19.263878E-03,-7.889476E-03
+2.126000E-03,+61.138131E-03,-7.889476E-03
+2.128900E-03,-19.263878E-03,-7.889476E-03
+2.131800E-03,+25.962252E-03,+32.311529E-03
+2.134700E-03,+46.062754E-03,-7.889476E-03
+2.137600E-03,+56.113005E-03,-43.065355E-03
+2.140500E-03,-19.263878E-03,+22.261278E-03
+2.143400E-03,-19.263878E-03,+14.723589E-03
+2.146300E-03,+836.624E-06,+22.261278E-03
+2.149200E-03,-19.263878E-03,-7.889476E-03
+2.152100E-03,-19.263878E-03,+32.311529E-03
+2.155000E-03,-19.263878E-03,+17.236152E-03
+2.157900E-03,+10.886875E-03,-22.964852E-03
+2.160800E-03,-19.263878E-03,-33.015104E-03
+2.163700E-03,-19.263878E-03,-5.376913E-03
+2.166600E-03,-19.263878E-03,-7.889476E-03
+2.169500E-03,-19.263878E-03,-7.889476E-03
+2.172400E-03,-19.263878E-03,-7.889476E-03
+2.175300E-03,+51.087880E-03,-2.864350E-03
+2.178200E-03,-9.213627E-03,-7.889476E-03
+2.181100E-03,+10.886875E-03,+9.698464E-03
+2.184000E-03,-19.263878E-03,-7.889476E-03
+2.186900E-03,-19.263878E-03,-12.914601E-03
+2.189800E-03,-19.263878E-03,-5.376913E-03
+2.192700E-03,-19.263878E-03,-7.889476E-03
+2.195600E-03,-19.263878E-03,+12.211027E-03
+2.198500E-03,-19.263878E-03,+22.261278E-03
+2.201400E-03,-19.263878E-03,-7.889476E-03
+2.204300E-03,-19.263878E-03,+27.286403E-03
+2.207200E-03,-19.263878E-03,-30.502541E-03
+2.210100E-03,-19.263878E-03,-7.889476E-03
+2.213000E-03,-19.263878E-03,+27.286403E-03
+2.215900E-03,+61.138131E-03,-5.376913E-03
+2.218800E-03,+836.624E-06,-7.889476E-03
+2.221700E-03,+15.912001E-03,+14.723589E-03
+2.224600E-03,-19.263878E-03,-7.889476E-03
+2.227500E-03,-19.263878E-03,-7.889476E-03
+2.230400E-03,-19.263878E-03,-7.889476E-03
+2.233300E-03,-19.263878E-03,+17.236152E-03
+2.236200E-03,+10.886875E-03,-7.889476E-03
+2.239100E-03,+46.062754E-03,-351.787E-06
+2.242000E-03,+61.138131E-03,-7.889476E-03
+2.244900E-03,+836.624E-06,+22.261278E-03
+2.247800E-03,+20.937126E-03,-27.989978E-03
+2.250700E-03,+836.624E-06,-7.889476E-03
+2.253600E-03,-14.238753E-03,+29.798966E-03
+2.256500E-03,-9.213627E-03,+32.311529E-03
+2.259400E-03,+25.962252E-03,-48.090480E-03
+2.262300E-03,-19.263878E-03,-22.964852E-03
+2.265200E-03,+46.062754E-03,+27.286403E-03
+2.268100E-03,-19.263878E-03,-48.090480E-03
+2.271000E-03,+836.624E-06,-7.889476E-03
+2.273900E-03,-19.263878E-03,-25.477415E-03
+2.276800E-03,+36.012503E-03,-35.527666E-03
+2.279700E-03,-19.263878E-03,-7.889476E-03
+2.282600E-03,-19.263878E-03,-7.889476E-03
+2.285500E-03,+10.886875E-03,+17.236152E-03
+2.288400E-03,+25.962252E-03,-30.502541E-03
+2.291300E-03,-19.263878E-03,-40.552792E-03
+2.294200E-03,-19.263878E-03,-7.889476E-03
+2.297100E-03,+36.012503E-03,+22.261278E-03
+2.300000E-03,+15.912001E-03,-7.889476E-03
+2.302900E-03,-19.263878E-03,+22.261278E-03
+2.305800E-03,+61.138131E-03,-7.889476E-03
+2.308700E-03,-19.263878E-03,-7.889476E-03
+2.311600E-03,-19.263878E-03,-7.889476E-03
+2.314500E-03,-19.263878E-03,+9.698464E-03
+2.317400E-03,-19.263878E-03,-7.889476E-03
+2.320300E-03,-19.263878E-03,-7.889476E-03
+2.323200E-03,+36.012503E-03,-7.889476E-03
+2.326100E-03,-19.263878E-03,-7.889476E-03
+2.329000E-03,+836.624E-06,-35.527666E-03
+2.331900E-03,-14.238753E-03,+29.798966E-03
+2.334800E-03,-9.213627E-03,+27.286403E-03
+2.337700E-03,-19.263878E-03,-7.889476E-03
+2.340600E-03,-19.263878E-03,-22.964852E-03
+2.343500E-03,-19.263878E-03,+27.286403E-03
+2.346400E-03,-19.263878E-03,-7.889476E-03
+2.349300E-03,-19.263878E-03,+4.673338E-03
+2.352200E-03,-59.464883E-03,-7.889476E-03
+2.355100E-03,-19.263878E-03,+22.261278E-03
+2.358000E-03,-14.238753E-03,-7.889476E-03
+2.360900E-03,-19.263878E-03,-351.787E-06
+2.363800E-03,-19.263878E-03,-7.889476E-03
+2.366700E-03,-69.515134E-03,-7.889476E-03
+2.369600E-03,-19.263878E-03,-7.889476E-03
+2.372500E-03,-19.263878E-03,-48.090480E-03
+2.375400E-03,-19.263878E-03,+22.261278E-03
+2.378300E-03,-19.263878E-03,+14.723589E-03
+2.381200E-03,-19.263878E-03,-7.889476E-03
+2.384100E-03,-29.314130E-03,+32.311529E-03
+2.387000E-03,+46.062754E-03,-7.889476E-03
+2.389900E-03,-19.263878E-03,+19.748715E-03
+2.392800E-03,-19.263878E-03,-15.427164E-03
+2.395700E-03,-19.263878E-03,-7.889476E-03
+2.398600E-03,-19.263878E-03,-7.889476E-03
+2.401500E-03,-19.263878E-03,+4.673338E-03
+2.404400E-03,+20.937126E-03,-27.989978E-03
+2.407300E-03,-44.389506E-03,-35.527666E-03
+2.410200E-03,-14.238753E-03,-7.889476E-03
+2.413100E-03,+46.062754E-03,-351.787E-06
+2.416000E-03,+5.861749E-03,-33.015104E-03
+2.418900E-03,-19.263878E-03,-7.889476E-03
+2.421800E-03,-19.263878E-03,-33.015104E-03
+2.424700E-03,-19.263878E-03,-7.889476E-03
+2.427600E-03,-19.263878E-03,-7.889476E-03
+2.430500E-03,+61.138131E-03,-7.889476E-03
+2.433400E-03,-19.263878E-03,-17.939727E-03
+2.436300E-03,-19.263878E-03,-7.889476E-03
+2.439200E-03,-9.213627E-03,-7.889476E-03
+2.442100E-03,+30.987377E-03,+19.748715E-03
+2.445000E-03,+25.962252E-03,-7.889476E-03
+2.447900E-03,-19.263878E-03,-7.889476E-03
+2.450800E-03,+56.113005E-03,-45.577917E-03
+2.453700E-03,-19.263878E-03,-7.889476E-03
+2.456600E-03,-59.464883E-03,+14.723589E-03
+2.459500E-03,+61.138131E-03,-35.527666E-03
+2.462400E-03,-19.263878E-03,-7.889476E-03
+2.465300E-03,-19.263878E-03,-7.889476E-03
+2.468200E-03,-19.263878E-03,+19.748715E-03
+2.471100E-03,-19.263878E-03,+9.698464E-03
+2.474000E-03,-19.263878E-03,-12.914601E-03
+2.476900E-03,+56.113005E-03,-7.889476E-03
+2.479800E-03,-19.263878E-03,-7.889476E-03
+2.482700E-03,+20.937126E-03,-7.889476E-03
+2.485600E-03,-44.389506E-03,+4.673338E-03
+2.488500E-03,+277.218530E-03,-43.065355E-03
+2.491400E-03,-19.263878E-03,-35.527666E-03
+2.494300E-03,-19.263878E-03,-33.015104E-03
+2.497200E-03,-19.263878E-03,+32.311529E-03
+2.500100E-03,+46.062754E-03,-7.889476E-03
+2.503000E-03,-19.263878E-03,+32.311529E-03
+2.505900E-03,+36.012503E-03,-17.939727E-03
+2.508800E-03,+20.937126E-03,-7.889476E-03
+2.511700E-03,-19.263878E-03,-7.889476E-03
+2.514600E-03,-245.394529E-03,+29.798966E-03
+2.517500E-03,-19.263878E-03,-7.889476E-03
+2.520400E-03,-49.414632E-03,-7.889476E-03
+2.523300E-03,+10.886875E-03,-22.964852E-03
+2.526200E-03,-19.263878E-03,+27.286403E-03
+2.529100E-03,-24.289004E-03,-5.376913E-03
+2.532000E-03,-19.263878E-03,+22.261278E-03
+2.534900E-03,-19.263878E-03,+12.211027E-03
+2.537800E-03,-19.263878E-03,-22.964852E-03
+2.540700E-03,-29.314130E-03,+27.286403E-03
+2.543600E-03,-19.263878E-03,-7.889476E-03
+2.546500E-03,+5.861749E-03,+19.748715E-03
+2.549400E-03,-19.263878E-03,-7.889476E-03
+2.552300E-03,-19.263878E-03,-7.889476E-03
+2.555200E-03,+56.113005E-03,-7.889476E-03
+2.558100E-03,+836.624E-06,-35.527666E-03
+2.561000E-03,-19.263878E-03,-25.477415E-03
+2.563900E-03,+36.012503E-03,-7.889476E-03
+2.566800E-03,+126.464763E-03,-43.065355E-03
+2.569700E-03,-19.263878E-03,+32.311529E-03
+2.572600E-03,+30.987377E-03,+19.748715E-03
+2.575500E-03,-19.263878E-03,-7.889476E-03
+2.578400E-03,-19.263878E-03,+24.773841E-03
+2.581300E-03,-19.263878E-03,-7.889476E-03
+2.584200E-03,-19.263878E-03,+32.311529E-03
+2.587100E-03,+15.912001E-03,-7.889476E-03
+2.590000E-03,+61.138131E-03,-7.889476E-03
+2.592900E-03,-14.238753E-03,+29.798966E-03
+2.595800E-03,-19.263878E-03,-7.889476E-03
+2.598700E-03,-19.263878E-03,+32.311529E-03
+2.601600E-03,+25.962252E-03,+17.236152E-03
+2.604500E-03,-19.263878E-03,-38.040229E-03
+2.607400E-03,-19.263878E-03,-45.577917E-03
+2.610300E-03,-19.263878E-03,-35.527666E-03
+2.613200E-03,-19.263878E-03,-7.889476E-03
+2.616100E-03,+36.012503E-03,-17.939727E-03
+2.619000E-03,+46.062754E-03,-10.402038E-03
+2.621900E-03,+61.138131E-03,+27.286403E-03
+2.624800E-03,-49.414632E-03,+19.748715E-03
+2.627700E-03,-54.439757E-03,+17.236152E-03
+2.630600E-03,-19.263878E-03,-7.889476E-03
+2.633500E-03,-19.263878E-03,-7.889476E-03
+2.636400E-03,-19.263878E-03,-7.889476E-03
+2.639300E-03,-19.263878E-03,-27.989978E-03
+2.642200E-03,-19.263878E-03,-35.527666E-03
+2.645100E-03,-19.263878E-03,-43.065355E-03
+2.648000E-03,-19.263878E-03,-7.889476E-03
+2.650900E-03,-19.263878E-03,-7.889476E-03
+2.653800E-03,-19.263878E-03,+9.698464E-03
+2.656700E-03,-19.263878E-03,-15.427164E-03
+2.659600E-03,+61.138131E-03,-7.889476E-03
+2.662500E-03,+36.012503E-03,-7.889476E-03
+2.665400E-03,+20.937126E-03,-7.889476E-03
+2.668300E-03,-19.263878E-03,-17.939727E-03
+2.671200E-03,-19.263878E-03,-2.864350E-03
+2.674100E-03,-9.213627E-03,-12.914601E-03
+2.677000E-03,-19.263878E-03,-20.452290E-03
+2.679900E-03,-19.263878E-03,-7.889476E-03
+2.682800E-03,-19.263878E-03,+24.773841E-03
+2.685700E-03,-19.263878E-03,-7.889476E-03
+2.688600E-03,+836.624E-06,+22.261278E-03
+2.691500E-03,-19.263878E-03,+14.723589E-03
+2.694400E-03,-19.263878E-03,+32.311529E-03
+2.697300E-03,-14.238753E-03,-7.889476E-03
+2.700200E-03,-19.263878E-03,-7.889476E-03
+2.703100E-03,-19.263878E-03,+19.748715E-03
+2.706000E-03,+25.962252E-03,+17.236152E-03
+2.708900E-03,+41.037628E-03,-7.889476E-03
+2.711800E-03,-19.263878E-03,-45.577917E-03
+2.714700E-03,-19.263878E-03,+24.773841E-03
+2.717600E-03,-19.263878E-03,-25.477415E-03
+2.720500E-03,-19.263878E-03,+22.261278E-03
+2.723400E-03,-19.263878E-03,+29.798966E-03
+2.726300E-03,-19.263878E-03,-7.889476E-03
+2.729200E-03,-19.263878E-03,+7.185901E-03
+2.732100E-03,-19.263878E-03,+9.698464E-03
+2.735000E-03,-19.263878E-03,-7.889476E-03
+2.737900E-03,-19.263878E-03,-7.889476E-03
+2.740800E-03,-19.263878E-03,-7.889476E-03
+2.743700E-03,+15.912001E-03,-5.376913E-03
+2.746600E-03,+10.886875E-03,-7.889476E-03
+2.749500E-03,-19.263878E-03,-2.864350E-03
+2.752400E-03,-19.263878E-03,-351.787E-06
+2.755300E-03,-19.263878E-03,-7.889476E-03
+2.758200E-03,-19.263878E-03,-22.964852E-03
+2.761100E-03,-19.263878E-03,+24.773841E-03
+2.764000E-03,-19.263878E-03,+32.311529E-03
+2.766900E-03,-19.263878E-03,-7.889476E-03
+2.769800E-03,-19.263878E-03,-7.889476E-03
+2.772700E-03,-190.118148E-03,-7.889476E-03
+2.775600E-03,-19.263878E-03,+29.798966E-03
+2.778500E-03,-19.263878E-03,-7.889476E-03
+2.781400E-03,+30.987377E-03,-20.452290E-03
+2.784300E-03,+61.138131E-03,+17.236152E-03
+2.787200E-03,-19.263878E-03,+24.773841E-03
+2.790100E-03,-19.263878E-03,-5.376913E-03
+2.793000E-03,+41.037628E-03,-38.040229E-03
+2.795900E-03,-19.263878E-03,+14.723589E-03
+2.798800E-03,+76.213507E-03,+32.311529E-03
+2.801700E-03,+51.087880E-03,-40.552792E-03
+2.804600E-03,+46.062754E-03,+27.286403E-03
+2.807500E-03,-19.263878E-03,+19.748715E-03
+2.810400E-03,-19.263878E-03,+9.698464E-03
+2.813300E-03,-19.263878E-03,-38.040229E-03
+2.816200E-03,-19.263878E-03,-7.889476E-03
+2.819100E-03,-19.263878E-03,-7.889476E-03
+2.822000E-03,+15.912001E-03,-27.989978E-03
+2.824900E-03,-19.263878E-03,+22.261278E-03
+2.827800E-03,-19.263878E-03,-10.402038E-03
+2.830700E-03,-19.263878E-03,-7.889476E-03
+2.833600E-03,+61.138131E-03,-20.452290E-03
+2.836500E-03,-19.263878E-03,+17.236152E-03
+2.839400E-03,-19.263878E-03,-7.889476E-03
+2.842300E-03,-19.263878E-03,+32.311529E-03
+2.845200E-03,-19.263878E-03,+24.773841E-03
+2.848100E-03,-64.490009E-03,+14.723589E-03
+2.851000E-03,-19.263878E-03,+22.261278E-03
+2.853900E-03,+61.138131E-03,+29.798966E-03
+2.856800E-03,+46.062754E-03,-7.889476E-03
+2.859700E-03,+30.987377E-03,-33.015104E-03
+2.862600E-03,+10.886875E-03,-30.502541E-03
+2.865500E-03,+61.138131E-03,-7.889476E-03
+2.868400E-03,-19.263878E-03,+32.311529E-03
+2.871300E-03,-19.263878E-03,-7.889476E-03
+2.874200E-03,+15.912001E-03,+14.723589E-03
+2.877100E-03,-19.263878E-03,+32.311529E-03
+2.880000E-03,-14.238753E-03,+29.798966E-03
+2.882900E-03,-19.263878E-03,-351.787E-06
+2.885800E-03,-19.263878E-03,-7.889476E-03
+2.888700E-03,-19.263878E-03,+17.236152E-03
+2.891600E-03,-19.263878E-03,-7.889476E-03
+2.894500E-03,-24.289004E-03,+32.311529E-03
+2.897400E-03,-19.263878E-03,+24.773841E-03
+2.900300E-03,-19.263878E-03,+12.211027E-03
+2.903200E-03,-19.263878E-03,-20.452290E-03
+2.906100E-03,-19.263878E-03,-10.402038E-03
+2.909000E-03,-34.339255E-03,-351.787E-06
+2.911900E-03,-19.263878E-03,+19.748715E-03
+2.914800E-03,-19.263878E-03,-7.889476E-03
+2.917700E-03,-19.263878E-03,-7.889476E-03
+2.920600E-03,+56.113005E-03,-45.577917E-03
+2.923500E-03,+61.138131E-03,+24.773841E-03
+2.926400E-03,-19.263878E-03,+14.723589E-03
+2.929300E-03,+30.987377E-03,-33.015104E-03
+2.932200E-03,+51.087880E-03,+32.311529E-03
+2.935100E-03,-19.263878E-03,-7.889476E-03
+2.938000E-03,-19.263878E-03,-7.889476E-03
+2.940900E-03,-19.263878E-03,-7.889476E-03
+2.943800E-03,-4.188502E-03,-7.889476E-03
+2.946700E-03,-19.263878E-03,-7.889476E-03
+2.949600E-03,+41.037628E-03,+24.773841E-03
+2.952500E-03,+20.937126E-03,+14.723589E-03
+2.955400E-03,-49.414632E-03,-20.452290E-03
+2.958300E-03,-19.263878E-03,+29.798966E-03
+2.961200E-03,-19.263878E-03,-7.889476E-03
+2.964100E-03,-19.263878E-03,+7.185901E-03
+2.967000E-03,+10.886875E-03,-7.889476E-03
+2.969900E-03,-19.263878E-03,-7.889476E-03
+2.972800E-03,-19.263878E-03,-7.889476E-03
+2.975700E-03,-19.263878E-03,+32.311529E-03
+2.978600E-03,-19.263878E-03,-27.989978E-03
+2.981500E-03,+5.861749E-03,+19.748715E-03
+2.984400E-03,-19.263878E-03,-2.864350E-03
+2.987300E-03,-19.263878E-03,-40.552792E-03
+2.990200E-03,-19.263878E-03,+7.185901E-03
+2.993100E-03,+25.962252E-03,-30.502541E-03
+2.996000E-03,-19.263878E-03,+2.160775E-03
+2.998900E-03,-19.263878E-03,+32.311529E-03
+3.001800E-03,-19.263878E-03,+2.160775E-03
+3.004700E-03,+15.912001E-03,+14.723589E-03
+3.007600E-03,+30.987377E-03,+7.185901E-03
+3.010500E-03,-14.238753E-03,-2.864350E-03
+3.013400E-03,+61.138131E-03,-7.889476E-03
+3.016300E-03,-19.263878E-03,+19.748715E-03
+3.019200E-03,+25.962252E-03,+17.236152E-03
+3.022100E-03,-19.263878E-03,-38.040229E-03
+3.025000E-03,-19.263878E-03,+32.311529E-03
+3.027900E-03,+61.138131E-03,+2.160775E-03
+3.030800E-03,+20.937126E-03,-27.989978E-03
+3.033700E-03,-19.263878E-03,+7.185901E-03
+3.036600E-03,+51.087880E-03,-7.889476E-03
+3.039500E-03,-19.263878E-03,+27.286403E-03
+3.042400E-03,-19.263878E-03,+4.673338E-03
+3.045300E-03,-19.263878E-03,-7.889476E-03
+3.048200E-03,-19.263878E-03,-7.889476E-03
+3.051100E-03,+56.113005E-03,-7.889476E-03
+3.054000E-03,-19.263878E-03,-7.889476E-03
+3.056900E-03,-19.263878E-03,+14.723589E-03
+3.059800E-03,-19.263878E-03,-20.452290E-03
+3.062700E-03,-14.238753E-03,-7.889476E-03
+3.065600E-03,-19.263878E-03,+27.286403E-03
+3.068500E-03,-19.263878E-03,-7.889476E-03
+3.071400E-03,+10.886875E-03,-22.964852E-03
+3.074300E-03,-19.263878E-03,-7.889476E-03
+3.077200E-03,-19.263878E-03,+32.311529E-03
+3.080100E-03,+41.037628E-03,-7.889476E-03
+3.083000E-03,-64.490009E-03,-7.889476E-03
+3.085900E-03,+5.861749E-03,+7.185901E-03
+3.088800E-03,-14.238753E-03,-7.889476E-03
+3.091700E-03,-19.263878E-03,-7.889476E-03
+3.094600E-03,+61.138131E-03,-7.889476E-03
+3.097500E-03,+25.962252E-03,+9.698464E-03
+3.100400E-03,-4.188502E-03,+2.160775E-03
+3.103300E-03,-19.263878E-03,-7.889476E-03
+3.106200E-03,-19.263878E-03,-7.889476E-03
+3.109100E-03,-59.464883E-03,-7.889476E-03
+3.112000E-03,+61.138131E-03,+32.311529E-03
+3.114900E-03,-19.263878E-03,-7.889476E-03
+3.117800E-03,-14.238753E-03,+29.798966E-03
+3.120700E-03,+30.987377E-03,-20.452290E-03
+3.123600E-03,-19.263878E-03,-7.889476E-03
+3.126500E-03,-19.263878E-03,-15.427164E-03
+3.129400E-03,+56.113005E-03,-5.376913E-03
+3.132300E-03,-19.263878E-03,-7.889476E-03
+3.135200E-03,+20.937126E-03,-7.889476E-03
+3.138100E-03,-19.263878E-03,-7.889476E-03
+3.141000E-03,-14.238753E-03,-2.864350E-03
+3.143900E-03,-19.263878E-03,-7.889476E-03
+3.146800E-03,+30.987377E-03,-20.452290E-03
+3.149700E-03,-69.515134E-03,+9.698464E-03
+3.152600E-03,-19.263878E-03,-7.889476E-03
+3.155500E-03,-19.263878E-03,+32.311529E-03
+3.158400E-03,+41.037628E-03,+2.160775E-03
+3.161300E-03,+15.912001E-03,-7.889476E-03
+3.164200E-03,-19.263878E-03,-7.889476E-03
+3.167100E-03,-19.263878E-03,-7.889476E-03
+3.170000E-03,-19.263878E-03,-38.040229E-03
+3.172900E-03,-19.263878E-03,-7.889476E-03
+3.175800E-03,+10.886875E-03,-7.889476E-03
+3.178700E-03,+41.037628E-03,-7.889476E-03
+3.181600E-03,+56.113005E-03,-45.577917E-03
+3.184500E-03,-4.188502E-03,-7.889476E-03
+3.187400E-03,-19.263878E-03,-7.889476E-03
+3.190300E-03,+5.861749E-03,+19.748715E-03
+3.193200E-03,-19.263878E-03,-7.889476E-03
+3.196100E-03,-19.263878E-03,+29.798966E-03
+3.199000E-03,-19.263878E-03,-7.889476E-03
+3.201900E-03,+25.962252E-03,-7.889476E-03
+3.204800E-03,-19.263878E-03,-7.889476E-03
+3.207700E-03,-19.263878E-03,-7.889476E-03
+3.210600E-03,+61.138131E-03,-38.040229E-03
+3.213500E-03,+20.937126E-03,-7.889476E-03
+3.216400E-03,-74.540260E-03,+19.748715E-03
+3.219300E-03,-29.314130E-03,+29.798966E-03
+3.222200E-03,-19.263878E-03,-7.889476E-03
+3.225100E-03,-49.414632E-03,+19.748715E-03
+3.228000E-03,-19.263878E-03,-7.889476E-03
+3.230900E-03,-19.263878E-03,-7.889476E-03
+3.233800E-03,-19.263878E-03,-45.577917E-03
+3.236700E-03,-4.188502E-03,-7.889476E-03
+3.239600E-03,-19.263878E-03,-7.889476E-03
+3.242500E-03,-19.263878E-03,+7.185901E-03
+3.245400E-03,-19.263878E-03,-7.889476E-03
+3.248300E-03,-19.263878E-03,-7.889476E-03
+3.251200E-03,+5.861749E-03,-7.889476E-03
+3.254100E-03,-19.263878E-03,+14.723589E-03
+3.257000E-03,+41.037628E-03,-7.889476E-03
+3.259900E-03,-19.263878E-03,-45.577917E-03
+3.262800E-03,-19.263878E-03,-38.040229E-03
+3.265700E-03,-19.263878E-03,-7.889476E-03
+3.268600E-03,+30.987377E-03,-33.015104E-03
+3.271500E-03,-19.263878E-03,+29.798966E-03
+3.274400E-03,-19.263878E-03,-43.065355E-03
+3.277300E-03,-19.263878E-03,-7.889476E-03
+3.280200E-03,-19.263878E-03,+12.211027E-03
+3.283100E-03,-19.263878E-03,-7.889476E-03
+3.286000E-03,-19.263878E-03,-7.889476E-03
+3.288900E-03,-19.263878E-03,-15.427164E-03
+3.291800E-03,-19.263878E-03,-27.989978E-03
+3.294700E-03,-19.263878E-03,-7.889476E-03
+3.297600E-03,-19.263878E-03,+24.773841E-03
+3.300500E-03,-19.263878E-03,-7.889476E-03
+3.303400E-03,+30.987377E-03,+7.185901E-03
+3.306300E-03,-19.263878E-03,-7.889476E-03
+3.309200E-03,-19.263878E-03,-7.889476E-03
+3.312100E-03,-19.263878E-03,-45.577917E-03
+3.315000E-03,-19.263878E-03,-7.889476E-03
+3.317900E-03,-19.263878E-03,+12.211027E-03
+3.320800E-03,-19.263878E-03,-7.889476E-03
+3.323700E-03,-19.263878E-03,-7.889476E-03
+3.326600E-03,-14.238753E-03,-7.889476E-03
+3.329500E-03,-19.263878E-03,+7.185901E-03
+3.332400E-03,+20.937126E-03,-7.889476E-03
+3.335300E-03,-4.188502E-03,-7.889476E-03
+3.338200E-03,-19.263878E-03,-7.889476E-03
+3.341100E-03,-19.263878E-03,-7.889476E-03
+3.344000E-03,+15.912001E-03,-7.889476E-03
+3.346900E-03,-19.263878E-03,+19.748715E-03
+3.349800E-03,-19.263878E-03,+29.798966E-03
+3.352700E-03,-19.263878E-03,-2.864350E-03
+3.355600E-03,+86.263759E-03,-7.889476E-03
+3.358500E-03,-129.816641E-03,-25.477415E-03
+3.361400E-03,-19.263878E-03,-7.889476E-03
+3.364300E-03,-19.263878E-03,-7.889476E-03
+3.367200E-03,-19.263878E-03,-7.889476E-03
+3.370100E-03,+61.138131E-03,+14.723589E-03
+3.373000E-03,+5.861749E-03,+7.185901E-03
+3.375900E-03,-19.263878E-03,+29.798966E-03
+3.378800E-03,-19.263878E-03,-10.402038E-03
+3.381700E-03,+5.861749E-03,-7.889476E-03
+3.384600E-03,+237.017526E-03,-25.477415E-03
+3.387500E-03,-4.188502E-03,+24.773841E-03
+3.390400E-03,-19.263878E-03,-7.889476E-03
+3.393300E-03,-19.263878E-03,-7.889476E-03
+3.396200E-03,-19.263878E-03,-2.864350E-03
+3.399100E-03,-74.540260E-03,+7.185901E-03
+3.402000E-03,+51.087880E-03,-2.864350E-03
+3.404900E-03,-19.263878E-03,-10.402038E-03
+3.407800E-03,-19.263878E-03,-7.889476E-03
+3.410700E-03,-19.263878E-03,-7.889476E-03
+3.413600E-03,-19.263878E-03,+24.773841E-03
+3.416500E-03,-19.263878E-03,-7.889476E-03
+3.419400E-03,-19.263878E-03,-7.889476E-03
+3.422300E-03,-19.263878E-03,-7.889476E-03
+3.425200E-03,+5.861749E-03,+19.748715E-03
+3.428100E-03,-14.238753E-03,-7.889476E-03
+3.431000E-03,-14.238753E-03,+29.798966E-03
+3.433900E-03,-19.263878E-03,-20.452290E-03
+3.436800E-03,+15.912001E-03,-7.889476E-03
+3.439700E-03,-19.263878E-03,-7.889476E-03
+3.442600E-03,-19.263878E-03,-7.889476E-03
+3.445500E-03,-19.263878E-03,-7.889476E-03
+3.448400E-03,+15.912001E-03,+14.723589E-03
+3.451300E-03,+5.861749E-03,+7.185901E-03
+3.454200E-03,-19.263878E-03,-7.889476E-03
+3.457100E-03,-19.263878E-03,-7.889476E-03
+3.460000E-03,-19.263878E-03,+19.748715E-03
+3.462900E-03,-19.263878E-03,+12.211027E-03
+3.465800E-03,-4.188502E-03,-7.889476E-03
+3.468700E-03,-19.263878E-03,-7.889476E-03
+3.471600E-03,+41.037628E-03,+2.160775E-03
+3.474500E-03,+15.912001E-03,+32.311529E-03
+3.477400E-03,-19.263878E-03,+19.748715E-03
+3.480300E-03,-19.263878E-03,-7.889476E-03
+3.483200E-03,+51.087880E-03,+29.798966E-03
+3.486100E-03,-19.263878E-03,-7.889476E-03
+3.489000E-03,+20.937126E-03,+12.211027E-03
+3.491900E-03,+41.037628E-03,+24.773841E-03
+3.494800E-03,+56.113005E-03,-7.889476E-03
+3.497700E-03,-19.263878E-03,-27.989978E-03
+3.500600E-03,-19.263878E-03,-27.989978E-03
+3.503500E-03,+111.389386E-03,-20.452290E-03
+3.506400E-03,-14.238753E-03,-7.889476E-03
+3.509300E-03,+51.087880E-03,+29.798966E-03
+3.512200E-03,-19.263878E-03,-7.889476E-03
+3.515100E-03,+15.912001E-03,-7.889476E-03
+3.518000E-03,-19.263878E-03,+2.160775E-03
+3.520900E-03,-19.263878E-03,+32.311529E-03
+3.523800E-03,+61.138131E-03,-7.889476E-03
+3.526700E-03,+15.912001E-03,-27.989978E-03
+3.529600E-03,-19.263878E-03,+7.185901E-03
+3.532500E-03,-14.238753E-03,-38.040229E-03
+3.535400E-03,-19.263878E-03,-7.889476E-03
+3.538300E-03,-19.263878E-03,-7.889476E-03
+3.541200E-03,+61.138131E-03,+32.311529E-03
+3.544100E-03,-19.263878E-03,-7.889476E-03
+3.547000E-03,-19.263878E-03,-7.889476E-03
+3.549900E-03,-19.263878E-03,+2.160775E-03
+3.552800E-03,-19.263878E-03,-7.889476E-03
+3.555700E-03,-19.263878E-03,-7.889476E-03
+3.558600E-03,-19.263878E-03,-10.402038E-03
+3.561500E-03,+51.087880E-03,-43.065355E-03
+3.564400E-03,+30.987377E-03,-7.889476E-03
+3.567300E-03,+20.937126E-03,-7.889476E-03
+3.570200E-03,-19.263878E-03,+2.160775E-03
+3.573100E-03,+56.113005E-03,+32.311529E-03
+3.576000E-03,-19.263878E-03,-38.040229E-03
+3.578900E-03,+61.138131E-03,-10.402038E-03
+3.581800E-03,-19.263878E-03,+32.311529E-03
+3.584700E-03,-19.263878E-03,+32.311529E-03
+3.587600E-03,-19.263878E-03,-7.889476E-03
+3.590500E-03,+86.263759E-03,-7.889476E-03
+3.593400E-03,-19.263878E-03,-7.889476E-03
+3.596300E-03,-19.263878E-03,-7.889476E-03
+3.599200E-03,+61.138131E-03,+32.311529E-03
+3.602100E-03,+61.138131E-03,-7.889476E-03
+3.605000E-03,-19.263878E-03,-7.889476E-03
+3.607900E-03,-19.263878E-03,-7.889476E-03
+3.610800E-03,-19.263878E-03,-43.065355E-03
+3.613700E-03,+61.138131E-03,+29.798966E-03
+3.616600E-03,+86.263759E-03,+7.185901E-03
+3.619500E-03,+61.138131E-03,-7.889476E-03
+3.622400E-03,+41.037628E-03,-7.889476E-03
+3.625300E-03,-19.263878E-03,-7.889476E-03
+3.628200E-03,-19.263878E-03,-7.889476E-03
+3.631100E-03,-19.263878E-03,-7.889476E-03
+3.634000E-03,-19.263878E-03,-7.889476E-03
+3.636900E-03,-14.238753E-03,-7.889476E-03
+3.639800E-03,-19.263878E-03,+29.798966E-03
+3.642700E-03,-104.691013E-03,-33.015104E-03
+3.645600E-03,-19.263878E-03,-7.889476E-03
+3.648500E-03,+41.037628E-03,+32.311529E-03
+3.651400E-03,-19.263878E-03,+32.311529E-03
+3.654300E-03,+141.540140E-03,-7.889476E-03
+3.657200E-03,+25.962252E-03,-22.964852E-03
+3.660100E-03,-19.263878E-03,-7.889476E-03
+3.663000E-03,+51.087880E-03,-2.864350E-03
+3.665900E-03,-19.263878E-03,-7.889476E-03
+3.668800E-03,+30.987377E-03,-7.889476E-03
+3.671700E-03,-19.263878E-03,-7.889476E-03
+3.674600E-03,-19.263878E-03,-7.889476E-03
+3.677500E-03,-24.289004E-03,-7.889476E-03
+3.680400E-03,-19.263878E-03,+2.160775E-03
+3.683300E-03,-54.439757E-03,-7.889476E-03
+3.686200E-03,-19.263878E-03,-48.090480E-03
+3.689100E-03,+61.138131E-03,-7.889476E-03
+3.692000E-03,+61.138131E-03,+24.773841E-03
+3.694900E-03,+61.138131E-03,+7.185901E-03
+3.697800E-03,-19.263878E-03,+14.723589E-03
+3.700700E-03,+41.037628E-03,+24.773841E-03
+3.703600E-03,-19.263878E-03,-45.577917E-03
+3.706500E-03,-4.188502E-03,-7.889476E-03
+3.709400E-03,+61.138131E-03,-7.889476E-03
+3.712300E-03,+61.138131E-03,-17.939727E-03
+3.715200E-03,-19.263878E-03,-43.065355E-03
+3.718100E-03,-19.263878E-03,-7.889476E-03
+3.721000E-03,+5.861749E-03,+19.748715E-03
+3.723900E-03,-19.263878E-03,-2.864350E-03
+3.726800E-03,+61.138131E-03,-7.889476E-03
+3.729700E-03,+61.138131E-03,+32.311529E-03
+3.732600E-03,-4.188502E-03,-7.889476E-03
+3.735500E-03,-19.263878E-03,-12.914601E-03
+3.738400E-03,-19.263878E-03,-7.889476E-03
+3.741300E-03,-14.238753E-03,-10.402038E-03
+3.744200E-03,+51.087880E-03,+32.311529E-03
+3.747100E-03,+61.138131E-03,-7.889476E-03
+3.750000E-03,+20.937126E-03,+14.723589E-03
+3.752900E-03,+61.138131E-03,-7.889476E-03
+3.755800E-03,-19.263878E-03,-45.577917E-03
+3.758700E-03,+41.037628E-03,-7.889476E-03
+3.761600E-03,+10.886875E-03,-30.502541E-03
+3.764500E-03,+30.987377E-03,-7.889476E-03
+3.767400E-03,-14.238753E-03,-7.889476E-03
+3.770300E-03,+61.138131E-03,-7.889476E-03
+3.773200E-03,+5.861749E-03,-7.889476E-03
+3.776100E-03,+15.912001E-03,-7.889476E-03
+3.779000E-03,+41.037628E-03,+32.311529E-03
+3.781900E-03,-19.263878E-03,-7.889476E-03
+3.784800E-03,+61.138131E-03,-15.427164E-03
+3.787700E-03,+25.962252E-03,+9.698464E-03
+3.790600E-03,-19.263878E-03,+32.311529E-03
+3.793500E-03,-19.263878E-03,+27.286403E-03
+3.796400E-03,+61.138131E-03,-7.889476E-03
+3.799300E-03,+30.987377E-03,-7.889476E-03
+3.802200E-03,+101.339135E-03,+14.723589E-03
+3.805100E-03,+61.138131E-03,-38.040229E-03
+3.808000E-03,-19.263878E-03,-7.889476E-03
+3.810900E-03,-19.263878E-03,+32.311529E-03
+3.813800E-03,-19.263878E-03,+32.311529E-03
+3.816700E-03,+30.987377E-03,+7.185901E-03
+3.819600E-03,-19.263878E-03,+27.286403E-03
+3.822500E-03,+61.138131E-03,-2.864350E-03
+3.825400E-03,+5.861749E-03,+19.748715E-03
+3.828300E-03,-19.263878E-03,-7.889476E-03
+3.831200E-03,+41.037628E-03,-7.889476E-03
+3.834100E-03,-19.263878E-03,-5.376913E-03
+3.837000E-03,-19.263878E-03,+2.160775E-03
+3.839900E-03,+141.540140E-03,-7.889476E-03
+3.842800E-03,+111.389386E-03,-7.889476E-03
+3.845700E-03,-19.263878E-03,-12.914601E-03
+3.848600E-03,-19.263878E-03,-2.864350E-03
+3.851500E-03,+5.861749E-03,-7.889476E-03
+3.854400E-03,-19.263878E-03,-7.889476E-03
+3.857300E-03,-19.263878E-03,-7.889476E-03
+3.860200E-03,+141.540140E-03,-7.889476E-03
+3.863100E-03,+41.037628E-03,-38.040229E-03
+3.866000E-03,+25.962252E-03,+9.698464E-03
+3.868900E-03,-19.263878E-03,-7.889476E-03
+3.871800E-03,-19.263878E-03,-7.889476E-03
+3.874700E-03,-19.263878E-03,-7.889476E-03
+3.877600E-03,+191.791396E-03,+7.185901E-03
+3.880500E-03,+61.138131E-03,-10.402038E-03
+3.883400E-03,-19.263878E-03,-48.090480E-03
+3.886300E-03,-19.263878E-03,+32.311529E-03
+3.889200E-03,-19.263878E-03,-7.889476E-03
+3.892100E-03,-19.263878E-03,-22.964852E-03
+3.895000E-03,+30.987377E-03,-7.889476E-03
+3.897900E-03,+61.138131E-03,-7.889476E-03
+3.900800E-03,-14.238753E-03,-10.402038E-03
+3.903700E-03,-19.263878E-03,-33.015104E-03
+3.906600E-03,-19.263878E-03,-7.889476E-03
+3.909500E-03,+61.138131E-03,-38.040229E-03
+3.912400E-03,+56.113005E-03,-7.889476E-03
+3.915300E-03,+141.540140E-03,-7.889476E-03
+3.918200E-03,+61.138131E-03,-7.889476E-03
+3.921100E-03,-19.263878E-03,+19.748715E-03
+3.924000E-03,+46.062754E-03,+27.286403E-03
+3.926900E-03,-19.263878E-03,-10.402038E-03
+3.929800E-03,+30.987377E-03,+19.748715E-03
+3.932700E-03,+20.937126E-03,-7.889476E-03
+3.935600E-03,+61.138131E-03,-7.889476E-03
+3.938500E-03,+61.138131E-03,-5.376913E-03
+3.941400E-03,-4.188502E-03,-7.889476E-03
+3.944300E-03,-19.263878E-03,-7.889476E-03
+3.947200E-03,+61.138131E-03,-20.452290E-03
+3.950100E-03,+46.062754E-03,-7.889476E-03
+3.953000E-03,+146.565265E-03,+32.311529E-03
+3.955900E-03,+5.861749E-03,-7.889476E-03
+3.958800E-03,-19.263878E-03,+32.311529E-03
+3.961700E-03,-19.263878E-03,-7.889476E-03
+3.964600E-03,-19.263878E-03,-7.889476E-03
+3.967500E-03,-19.263878E-03,-7.889476E-03
+3.970400E-03,+10.886875E-03,-22.964852E-03
+3.973300E-03,+141.540140E-03,+7.185901E-03
+3.976200E-03,+46.062754E-03,-7.889476E-03
+3.979100E-03,-94.640762E-03,-40.552792E-03
+3.982000E-03,+36.012503E-03,-7.889476E-03
+3.984900E-03,-19.263878E-03,-27.989978E-03
+3.987800E-03,-4.188502E-03,-7.889476E-03
+3.990700E-03,+141.540140E-03,+32.311529E-03
+3.993600E-03,+61.138131E-03,+24.773841E-03
+3.996500E-03,+25.962252E-03,-7.889476E-03
+3.999400E-03,-19.263878E-03,-7.889476E-03
+4.002300E-03,-19.263878E-03,-12.914601E-03
+4.005200E-03,+51.087880E-03,-2.864350E-03
+4.008100E-03,+61.138131E-03,-7.889476E-03
+4.011000E-03,+61.138131E-03,-27.989978E-03
+4.013900E-03,-4.188502E-03,-7.889476E-03
+4.016800E-03,-19.263878E-03,-5.376913E-03
+4.019700E-03,-19.263878E-03,-38.040229E-03
+4.022600E-03,-19.263878E-03,-12.914601E-03
+4.025500E-03,+86.263759E-03,-33.015104E-03
+4.028400E-03,+151.590391E-03,-351.787E-06
+4.031300E-03,+61.138131E-03,-2.864350E-03
+4.034200E-03,+61.138131E-03,-7.889476E-03
+4.037100E-03,-19.263878E-03,+14.723589E-03
+4.040000E-03,-19.263878E-03,+24.773841E-03
+4.042900E-03,+56.113005E-03,-7.889476E-03
+4.045800E-03,+237.017526E-03,-7.889476E-03
+4.048700E-03,+171.690893E-03,-7.889476E-03
+4.051600E-03,+61.138131E-03,+7.185901E-03
+4.054500E-03,+61.138131E-03,-7.889476E-03
+4.057400E-03,+221.942149E-03,-10.402038E-03
+4.060300E-03,+1.126464752E+00,+32.311529E-03
+4.063200E-03,+4.804856673E+00,+3.348894408E+00
+4.066100E-03,+4.980736068E+00,+3.391607975E+00
+4.069000E-03,+5.046062700E+00,+3.409195915E+00
+4.071900E-03,+4.980736068E+00,+3.361457222E+00
+4.074800E-03,+5.091288831E+00,+3.368994910E+00
+4.077700E-03,+4.860133054E+00,+3.343869282E+00
+4.080600E-03,+865.158223E-03,-7.889476E-03
+4.083500E-03,-19.263878E-03,-7.889476E-03
+4.086400E-03,+131.489889E-03,+9.698464E-03
+4.089300E-03,+15.912001E-03,+12.211027E-03
+4.092200E-03,+61.138131E-03,+32.311529E-03
+4.095100E-03,-19.263878E-03,-7.889476E-03
+4.098000E-03,-19.263878E-03,-7.889476E-03
+4.100900E-03,-19.263878E-03,-7.889476E-03
+4.103800E-03,-19.263878E-03,+19.748715E-03
+4.106700E-03,-19.263878E-03,-40.552792E-03
+4.109600E-03,-19.263878E-03,-7.889476E-03
+4.112500E-03,-79.565385E-03,-7.889476E-03
+4.115400E-03,-19.263878E-03,-7.889476E-03
+4.118300E-03,-4.188502E-03,-38.040229E-03
+4.121200E-03,+56.113005E-03,-7.889476E-03
+4.124100E-03,-19.263878E-03,+2.160775E-03
+4.127000E-03,+10.886875E-03,-7.889476E-03
+4.129900E-03,-19.263878E-03,+7.185901E-03
+4.132800E-03,-19.263878E-03,-7.889476E-03
+4.135700E-03,+51.087880E-03,-7.889476E-03
+4.138600E-03,+277.218530E-03,-17.939727E-03
+4.141500E-03,+20.937126E-03,-7.889476E-03
+4.144400E-03,-19.263878E-03,+32.311529E-03
+4.147300E-03,+56.113005E-03,-7.889476E-03
+4.150200E-03,-19.263878E-03,-7.889476E-03
+4.153100E-03,-19.263878E-03,-7.889476E-03
+4.156000E-03,+5.861749E-03,+19.748715E-03
+4.158900E-03,-19.263878E-03,-7.889476E-03
+4.161800E-03,+51.087880E-03,+29.798966E-03
+4.164700E-03,-79.565385E-03,+4.673338E-03
+4.167600E-03,+15.912001E-03,-7.889476E-03
+4.170500E-03,+36.012503E-03,-7.889476E-03
+4.173400E-03,-19.263878E-03,-45.577917E-03
+4.176300E-03,-19.263878E-03,-38.040229E-03
+4.179200E-03,+10.886875E-03,-7.889476E-03
+4.182100E-03,-19.263878E-03,+32.311529E-03
+4.185000E-03,-9.213627E-03,-7.889476E-03
+4.187900E-03,-14.238753E-03,-7.889476E-03
+4.190800E-03,-19.263878E-03,-7.889476E-03
+4.193700E-03,+20.937126E-03,-7.889476E-03
+4.196600E-03,-19.263878E-03,-7.889476E-03
+4.199500E-03,-19.263878E-03,+32.311529E-03
+4.202400E-03,+61.138131E-03,-7.889476E-03
+4.205300E-03,+10.886875E-03,-30.502541E-03
+4.208200E-03,-19.263878E-03,-7.889476E-03
+4.211100E-03,-19.263878E-03,-7.889476E-03
+4.214000E-03,-14.238753E-03,+29.798966E-03
+4.216900E-03,+836.624E-06,-7.889476E-03
+4.219800E-03,+15.912001E-03,-27.989978E-03
+4.222700E-03,-19.263878E-03,-7.889476E-03
+4.225600E-03,-19.263878E-03,-7.889476E-03
+4.228500E-03,-19.263878E-03,-7.889476E-03
+4.231400E-03,-19.263878E-03,-7.889476E-03
+4.234300E-03,+5.861749E-03,+7.185901E-03
+4.237200E-03,+46.062754E-03,-12.914601E-03
+4.240100E-03,-14.238753E-03,-43.065355E-03
+4.243000E-03,-44.389506E-03,-7.889476E-03
+4.245900E-03,-19.263878E-03,-5.376913E-03
+4.248800E-03,-44.389506E-03,-35.527666E-03
+4.251700E-03,-19.263878E-03,+32.311529E-03
+4.254600E-03,-4.188502E-03,+24.773841E-03
+4.257500E-03,-19.263878E-03,+32.311529E-03
+4.260400E-03,-19.263878E-03,-33.015104E-03
+4.263300E-03,+46.062754E-03,+27.286403E-03
+4.266200E-03,-19.263878E-03,+32.311529E-03
+4.269100E-03,-19.263878E-03,-7.889476E-03
+4.272000E-03,-19.263878E-03,-7.889476E-03
+4.274900E-03,-19.263878E-03,-7.889476E-03
+4.277800E-03,-19.263878E-03,-5.376913E-03
+4.280700E-03,+61.138131E-03,+2.160775E-03
+4.283600E-03,+10.886875E-03,+9.698464E-03
+4.286500E-03,-19.263878E-03,-7.889476E-03
+4.289400E-03,-19.263878E-03,+27.286403E-03
+4.292300E-03,-14.238753E-03,-7.889476E-03
+4.295200E-03,-19.263878E-03,+32.311529E-03
+4.298100E-03,-19.263878E-03,+14.723589E-03
+4.301000E-03,+36.012503E-03,-25.477415E-03
+4.303900E-03,-19.263878E-03,-7.889476E-03
+4.306800E-03,-19.263878E-03,+2.160775E-03
+4.309700E-03,-19.263878E-03,+9.698464E-03
+4.312600E-03,+5.861749E-03,-20.452290E-03
+4.315500E-03,-19.263878E-03,-40.552792E-03
+4.318400E-03,-19.263878E-03,-43.065355E-03
+4.321300E-03,-19.263878E-03,-7.889476E-03
+4.324200E-03,-19.263878E-03,+12.211027E-03
+4.327100E-03,-19.263878E-03,+4.673338E-03
+4.330000E-03,-19.263878E-03,-7.889476E-03
+4.332900E-03,-19.263878E-03,-7.889476E-03
+4.335800E-03,-19.263878E-03,+17.236152E-03
+4.338700E-03,-19.263878E-03,-33.015104E-03
+4.341600E-03,-34.339255E-03,-40.552792E-03
+4.344500E-03,-19.263878E-03,-7.889476E-03
+4.347400E-03,+836.624E-06,+32.311529E-03
+4.350300E-03,-59.464883E-03,-25.477415E-03
+4.353200E-03,-19.263878E-03,-7.889476E-03
+4.356100E-03,-19.263878E-03,-7.889476E-03
+4.359000E-03,-19.263878E-03,-12.914601E-03
+4.361900E-03,+10.886875E-03,-30.502541E-03
+4.364800E-03,+30.987377E-03,-7.889476E-03
+4.367700E-03,-19.263878E-03,+27.286403E-03
+4.370600E-03,-19.263878E-03,-48.090480E-03
+4.373500E-03,-19.263878E-03,-7.889476E-03
+4.376400E-03,-19.263878E-03,-7.889476E-03
+4.379300E-03,-19.263878E-03,-7.889476E-03
+4.382200E-03,-19.263878E-03,-7.889476E-03
+4.385100E-03,-19.263878E-03,-351.787E-06
+4.388000E-03,-19.263878E-03,-7.889476E-03
+4.390900E-03,-19.263878E-03,-33.015104E-03
+4.393800E-03,+46.062754E-03,-351.787E-06
+4.396700E-03,-19.263878E-03,-10.402038E-03
+4.399600E-03,-19.263878E-03,-7.889476E-03
+4.402500E-03,+20.937126E-03,-27.989978E-03
+4.405400E-03,-44.389506E-03,+32.311529E-03
+4.408300E-03,-19.263878E-03,-7.889476E-03
+4.411200E-03,-19.263878E-03,-12.914601E-03
+4.414100E-03,-19.263878E-03,+9.698464E-03
+4.417000E-03,-19.263878E-03,-7.889476E-03
+4.419900E-03,-19.263878E-03,-7.889476E-03
+4.422800E-03,-14.238753E-03,-2.864350E-03
+4.425700E-03,-19.263878E-03,-7.889476E-03
+4.428600E-03,-19.263878E-03,-25.477415E-03
+4.431500E-03,+836.624E-06,-35.527666E-03
+4.434400E-03,+56.113005E-03,+32.311529E-03
+4.437300E-03,-19.263878E-03,-12.914601E-03
+4.440200E-03,-19.263878E-03,+9.698464E-03
+4.443100E-03,+30.987377E-03,-33.015104E-03
+4.446000E-03,-19.263878E-03,-12.914601E-03
+4.448900E-03,-19.263878E-03,-7.889476E-03
+4.451800E-03,-19.263878E-03,-17.939727E-03
+4.454700E-03,-19.263878E-03,+12.211027E-03
+4.457600E-03,-79.565385E-03,-7.889476E-03
+4.460500E-03,-19.263878E-03,-7.889476E-03
+4.463400E-03,+61.138131E-03,-7.889476E-03
+4.466300E-03,-19.263878E-03,-7.889476E-03
+4.469200E-03,-19.263878E-03,+4.673338E-03
+4.472100E-03,+46.062754E-03,-351.787E-06
+4.475000E-03,-19.263878E-03,+29.798966E-03
+4.477900E-03,+36.012503E-03,-7.889476E-03
+4.480800E-03,-19.263878E-03,+12.211027E-03
+4.483700E-03,-19.263878E-03,-7.889476E-03
+4.486600E-03,-29.314130E-03,-7.889476E-03
+4.489500E-03,-19.263878E-03,-7.889476E-03
+4.492400E-03,+25.962252E-03,+9.698464E-03
+4.495300E-03,-19.263878E-03,-7.889476E-03
+4.498200E-03,-19.263878E-03,-7.889476E-03
+4.501100E-03,+51.087880E-03,-2.864350E-03
+4.504000E-03,-19.263878E-03,+4.673338E-03
+4.506900E-03,-19.263878E-03,-7.889476E-03
+4.509800E-03,+36.012503E-03,+4.673338E-03
+4.512700E-03,+56.113005E-03,+32.311529E-03
+4.515600E-03,-9.213627E-03,-7.889476E-03
+4.518500E-03,+25.962252E-03,-22.964852E-03
+4.521400E-03,+61.138131E-03,+2.160775E-03
+4.524300E-03,-19.263878E-03,-7.889476E-03
+4.527200E-03,-19.263878E-03,+32.311529E-03
+4.530100E-03,-19.263878E-03,+4.673338E-03
+4.533000E-03,-19.263878E-03,-7.889476E-03
+4.535900E-03,-44.389506E-03,+4.673338E-03
+4.538800E-03,-19.263878E-03,-7.889476E-03
+4.541700E-03,-19.263878E-03,-40.552792E-03
+4.544600E-03,-19.263878E-03,+17.236152E-03
+4.547500E-03,-19.263878E-03,-22.964852E-03
+4.550400E-03,-89.615637E-03,+27.286403E-03
+4.553300E-03,-19.263878E-03,-7.889476E-03
+4.556200E-03,+36.012503E-03,-17.939727E-03
+4.559100E-03,+15.912001E-03,-27.989978E-03
+4.562000E-03,-19.263878E-03,-35.527666E-03
+4.564900E-03,-99.665888E-03,-7.889476E-03
+4.567800E-03,-19.263878E-03,-40.552792E-03
+4.570700E-03,+61.138131E-03,-7.889476E-03
+4.573600E-03,-19.263878E-03,+17.236152E-03
+4.576500E-03,-9.213627E-03,+27.286403E-03
+4.579400E-03,-19.263878E-03,+29.798966E-03
+4.582300E-03,+61.138131E-03,-7.889476E-03
+4.585200E-03,-19.263878E-03,+14.723589E-03
+4.588100E-03,-79.565385E-03,+4.673338E-03
+4.591000E-03,-19.263878E-03,-7.889476E-03
+4.593900E-03,-19.263878E-03,-351.787E-06
+4.596800E-03,-19.263878E-03,-7.889476E-03
+4.599700E-03,+10.886875E-03,+9.698464E-03
+4.602600E-03,-9.213627E-03,-7.889476E-03
+4.605500E-03,-19.263878E-03,-7.889476E-03
+4.608400E-03,-19.263878E-03,+4.673338E-03
+4.611300E-03,-19.263878E-03,+14.723589E-03
+4.614200E-03,+61.138131E-03,-35.527666E-03
+4.617100E-03,-19.263878E-03,-45.577917E-03
+4.620000E-03,-19.263878E-03,-40.552792E-03
+4.622900E-03,+10.886875E-03,-22.964852E-03
+4.625800E-03,+10.886875E-03,-7.889476E-03
+4.628700E-03,-19.263878E-03,+27.286403E-03
+4.631600E-03,-19.263878E-03,-7.889476E-03
+4.634500E-03,+836.624E-06,-7.889476E-03
+4.637400E-03,-19.263878E-03,-25.477415E-03
+4.640300E-03,-19.263878E-03,-7.889476E-03
+4.643200E-03,+56.113005E-03,+32.311529E-03
+4.646100E-03,+46.062754E-03,+27.286403E-03
+4.649000E-03,-19.263878E-03,-7.889476E-03
+4.651900E-03,+25.962252E-03,+32.311529E-03
+4.654800E-03,-19.263878E-03,-33.015104E-03
+4.657700E-03,+51.087880E-03,-7.889476E-03
+4.660600E-03,-44.389506E-03,-35.527666E-03
+4.663500E-03,+15.912001E-03,-27.989978E-03
+4.666400E-03,+15.912001E-03,-7.889476E-03
+4.669300E-03,-19.263878E-03,-48.090480E-03
+4.672200E-03,-19.263878E-03,-7.889476E-03
+4.675100E-03,-19.263878E-03,+9.698464E-03
+4.678000E-03,-19.263878E-03,-22.964852E-03
+4.680900E-03,-19.263878E-03,+27.286403E-03
+4.683800E-03,-19.263878E-03,-7.889476E-03
+4.686700E-03,-19.263878E-03,-7.889476E-03
+4.689600E-03,+15.912001E-03,-27.989978E-03
+4.692500E-03,-19.263878E-03,+4.673338E-03
+4.695400E-03,-19.263878E-03,-7.889476E-03
+4.698300E-03,-19.263878E-03,-7.889476E-03
+4.701200E-03,-19.263878E-03,-15.427164E-03
+4.704100E-03,-19.263878E-03,-7.889476E-03
+4.707000E-03,-19.263878E-03,+32.311529E-03
+4.709900E-03,-19.263878E-03,-45.577917E-03
+4.712800E-03,-19.263878E-03,-7.889476E-03
+4.715700E-03,+15.912001E-03,-7.889476E-03
+4.718600E-03,+836.624E-06,+4.673338E-03
+4.721500E-03,-19.263878E-03,-7.889476E-03
+4.724400E-03,-19.263878E-03,-7.889476E-03
+4.727300E-03,-19.263878E-03,+32.311529E-03
+4.730200E-03,+61.138131E-03,-7.889476E-03
+4.733100E-03,-19.263878E-03,-12.914601E-03
+4.736000E-03,+61.138131E-03,-7.889476E-03
+4.738900E-03,+61.138131E-03,-35.527666E-03
+4.741800E-03,-19.263878E-03,+12.211027E-03
+4.744700E-03,+61.138131E-03,-7.889476E-03
+4.747600E-03,-19.263878E-03,-5.376913E-03
+4.750500E-03,-19.263878E-03,-351.787E-06
+4.753400E-03,-19.263878E-03,+2.160775E-03
+4.756300E-03,-19.263878E-03,-7.889476E-03
+4.759200E-03,-19.263878E-03,-7.889476E-03
+4.762100E-03,-19.263878E-03,+32.311529E-03
+4.765000E-03,-19.263878E-03,-35.527666E-03
+4.767900E-03,-19.263878E-03,-7.889476E-03
+4.770800E-03,+836.624E-06,-17.939727E-03
+4.773700E-03,-19.263878E-03,-7.889476E-03
+4.776600E-03,-19.263878E-03,-7.889476E-03
+4.779500E-03,-19.263878E-03,+9.698464E-03
+4.782400E-03,-19.263878E-03,-30.502541E-03
+4.785300E-03,-19.263878E-03,-12.914601E-03
+4.788200E-03,-19.263878E-03,+32.311529E-03
+4.791100E-03,-19.263878E-03,+22.261278E-03
+4.794000E-03,-19.263878E-03,+12.211027E-03
+4.796900E-03,+61.138131E-03,+4.673338E-03
+4.799800E-03,-19.263878E-03,-45.577917E-03
+4.802700E-03,-19.263878E-03,-7.889476E-03
+4.805600E-03,-19.263878E-03,-30.502541E-03
+4.808500E-03,-19.263878E-03,-7.889476E-03
+4.811400E-03,+46.062754E-03,-7.889476E-03
+4.814300E-03,+56.113005E-03,-7.889476E-03
+4.817200E-03,+836.624E-06,+22.261278E-03
+4.820100E-03,-19.263878E-03,-7.889476E-03
+4.823000E-03,-19.263878E-03,-35.527666E-03
+4.825900E-03,+56.113005E-03,+32.311529E-03
+4.828800E-03,-9.213627E-03,-7.889476E-03
+4.831700E-03,-19.263878E-03,+32.311529E-03
+4.834600E-03,+61.138131E-03,-22.964852E-03
+4.837500E-03,-19.263878E-03,-7.889476E-03
+4.840400E-03,-19.263878E-03,-5.376913E-03
+4.843300E-03,+836.624E-06,+4.673338E-03
+4.846200E-03,+15.912001E-03,-7.889476E-03
+4.849100E-03,+36.012503E-03,-35.527666E-03
+4.852000E-03,-24.289004E-03,-7.889476E-03
+4.854900E-03,-34.339255E-03,-7.889476E-03
+4.857800E-03,-19.263878E-03,+17.236152E-03
+4.860700E-03,-19.263878E-03,-7.889476E-03
+4.863600E-03,-19.263878E-03,-7.889476E-03
+4.866500E-03,-19.263878E-03,-7.889476E-03
+4.869400E-03,-19.263878E-03,+4.673338E-03
+4.872300E-03,+15.912001E-03,-7.889476E-03
+4.875200E-03,-44.389506E-03,+22.261278E-03
+4.878100E-03,-19.263878E-03,+32.311529E-03
+4.881000E-03,-19.263878E-03,+19.748715E-03
+4.883900E-03,-19.263878E-03,+9.698464E-03
+4.886800E-03,+25.962252E-03,-30.502541E-03
+4.889700E-03,+46.062754E-03,-7.889476E-03
+4.892600E-03,-19.263878E-03,-7.889476E-03
+4.895500E-03,-79.565385E-03,-7.889476E-03
+4.898400E-03,-19.263878E-03,+32.311529E-03
+4.901300E-03,+836.624E-06,-35.527666E-03
+4.904200E-03,-19.263878E-03,-7.889476E-03
+4.907100E-03,-19.263878E-03,-7.889476E-03
