-120.0000E-06,-19.2638785E-03,-7.8894757E-03
-119.6000E-06,-19.2638785E-03,-7.8894757E-03
-119.2000E-06,+5.8617494E-03,-33.0151035E-03
-118.8000E-06,-19.2638785E-03,-5.3769129E-03
-118.4000E-06,+30.9873773E-03,-7.8894757E-03
-118.0000E-06,-19.2638785E-03,-7.8894757E-03
-117.6000E-06,-19.2638785E-03,-7.8894757E-03
-117.2000E-06,-19.2638785E-03,+7.1859010E-03
-116.8000E-06,+30.9873773E-03,-7.8894757E-03
-116.4000E-06,-19.2638785E-03,-7.8894757E-03
-116.0000E-06,-74.5402598E-03,-7.8894757E-03
-115.6000E-06,+30.9873773E-03,-20.4522896E-03
-115.2000E-06,-19.2638785E-03,-7.8894757E-03
-114.8000E-06,-19.2638785E-03,-7.8894757E-03
-114.4000E-06,+30.9873773E-03,-33.0151035E-03
-114.0000E-06,+56.1130052E-03,-7.8894757E-03
-113.6000E-06,+30.9873773E-03,+7.1859010E-03
-113.2000E-06,-19.2638785E-03,-7.8894757E-03
-112.8000E-06,-19.2638785E-03,-7.8894757E-03
-112.4000E-06,-19.2638785E-03,+32.3115289E-03
-112.0000E-06,+61.1381307E-03,-7.8894757E-03
-111.6000E-06,+56.1130052E-03,-7.8894757E-03
-111.2000E-06,-19.2638785E-03,+19.7487150E-03
-110.8000E-06,-19.2638785E-03,+7.1859010E-03
-110.4000E-06,-19.2638785E-03,-45.5779175E-03
-110.0000E-06,+5.8617494E-03,+19.7487150E-03
-109.6000E-06,+30.9873773E-03,+19.7487150E-03
-109.2000E-06,+56.1130052E-03,-7.8894757E-03
-108.8000E-06,-19.2638785E-03,+19.7487150E-03
-108.4000E-06,-19.2638785E-03,+19.7487150E-03
-108.0000E-06,-19.2638785E-03,-7.8894757E-03
-107.6000E-06,-19.2638785E-03,-7.8894757E-03
-107.2000E-06,+30.9873773E-03,+7.1859010E-03
-106.8000E-06,-19.2638785E-03,-45.5779175E-03
-106.4000E-06,+30.9873773E-03,-7.8894757E-03
-106.0000E-06,+5.8617494E-03,+19.7487150E-03
-105.6000E-06,-19.2638785E-03,-7.8894757E-03
-105.2000E-06,-19.2638785E-03,+19.7487150E-03
-104.8000E-06,+61.1381307E-03,-7.8894757E-03
-104.4000E-06,-19.2638785E-03,-7.8894757E-03
-104.0000E-06,-19.2638785E-03,-7.8894757E-03
-103.6000E-06,+30.9873773E-03,-33.0151035E-03
-103.2000E-06,+56.1130052E-03,-7.8894757E-03
-102.8000E-06,-19.2638785E-03,+32.3115289E-03
-102.4000E-06,-19.2638785E-03,-7.8894757E-03
-102.0000E-06,+56.1130052E-03,-7.8894757E-03
-101.6000E-06,+30.9873773E-03,-7.8894757E-03
-101.2000E-06,-49.4146319E-03,-20.4522896E-03
-100.8000E-06,-19.2638785E-03,-7.8894757E-03
-100.4000E-06,-19.2638785E-03,-33.0151035E-03
-100.0000E-06,-19.2638785E-03,-7.8894757E-03
-99.6000E-06,-19.2638785E-03,-7.8894757E-03
-99.2000E-06,+5.8617494E-03,-33.0151035E-03
-98.8000E-06,-19.2638785E-03,-7.8894757E-03
-98.4000E-06,-19.2638785E-03,-7.8894757E-03
-98.0000E-06,-19.2638785E-03,+7.1859010E-03
-97.6000E-06,-19.2638785E-03,-7.8894757E-03
-97.2000E-06,-24.2890040E-03,-45.5779175E-03
-96.8000E-06,-19.2638785E-03,-7.8894757E-03
-96.4000E-06,+61.1381307E-03,-7.8894757E-03
-96.0000E-06,-19.2638785E-03,-48.0904803E-03
-95.6000E-06,-19.2638785E-03,+7.1859010E-03
-95.2000E-06,-49.4146319E-03,-20.4522896E-03
-94.8000E-06,+56.1130052E-03,-7.8894757E-03
-94.4000E-06,-19.2638785E-03,-7.8894757E-03
-94.0000E-06,-19.2638785E-03,-20.4522896E-03
-93.6000E-06,-19.2638785E-03,-7.8894757E-03
-93.2000E-06,-19.2638785E-03,-7.8894757E-03
-92.8000E-06,-19.2638785E-03,-33.0151035E-03
-92.4000E-06,+61.1381307E-03,+32.3115289E-03
-92.0000E-06,-19.2638785E-03,-7.8894757E-03
-91.6000E-06,+5.8617494E-03,+19.7487150E-03
-91.2000E-06,-19.2638785E-03,-7.8894757E-03
-90.8000E-06,-19.2638785E-03,-33.0151035E-03
-90.4000E-06,+61.1381307E-03,-7.8894757E-03
-90.0000E-06,+56.1130052E-03,-7.8894757E-03
-89.6000E-06,-19.2638785E-03,-33.0151035E-03
-89.2000E-06,+5.8617494E-03,-7.8894757E-03
-88.8000E-06,-19.2638785E-03,+32.3115289E-03
-88.4000E-06,-19.2638785E-03,-7.8894757E-03
-88.0000E-06,+5.8617494E-03,-7.8894757E-03
-87.6000E-06,-19.2638785E-03,-7.8894757E-03
-87.2000E-06,-19.2638785E-03,-7.8894757E-03
-86.8000E-06,+5.8617494E-03,+19.7487150E-03
-86.4000E-06,-19.2638785E-03,-45.5779175E-03
-86.0000E-06,+61.1381307E-03,+19.7487150E-03
-85.6000E-06,+30.9873773E-03,+7.1859010E-03
-85.2000E-06,-19.2638785E-03,-7.8894757E-03
-84.8000E-06,+5.8617494E-03,-7.8894757E-03
-84.4000E-06,+5.8617494E-03,-20.4522896E-03
-84.0000E-06,-19.2638785E-03,+32.3115289E-03
-83.6000E-06,+5.8617494E-03,-7.8894757E-03
-83.2000E-06,+30.9873773E-03,+7.1859010E-03
-82.8000E-06,-24.2890040E-03,+32.3115289E-03
-82.4000E-06,+30.9873773E-03,+19.7487150E-03
-82.0000E-06,+30.9873773E-03,+7.1859010E-03
-81.6000E-06,-19.2638785E-03,+32.3115289E-03
-81.2000E-06,-74.5402598E-03,+32.3115289E-03
-80.8000E-06,-19.2638785E-03,-7.8894757E-03
-80.4000E-06,-19.2638785E-03,-7.8894757E-03
-80.0000E-06,+5.8617494E-03,-7.8894757E-03
-79.6000E-06,-19.2638785E-03,-7.8894757E-03
-79.2000E-06,-19.2638785E-03,-7.8894757E-03
-78.8000E-06,-19.2638785E-03,-7.8894757E-03
-78.4000E-06,+30.9873773E-03,+19.7487150E-03
-78.0000E-06,-19.2638785E-03,-7.8894757E-03
-77.6000E-06,-19.2638785E-03,-7.8894757E-03
-77.2000E-06,+5.8617494E-03,-7.8894757E-03
-76.8000E-06,-19.2638785E-03,-5.3769129E-03
-76.4000E-06,+5.8617494E-03,+7.1859010E-03
-76.0000E-06,-49.4146319E-03,+7.1859010E-03
-75.6000E-06,+56.1130052E-03,-7.8894757E-03
-75.2000E-06,-19.2638785E-03,+19.7487150E-03
-74.8000E-06,-19.2638785E-03,-7.8894757E-03
-74.4000E-06,-19.2638785E-03,-7.8894757E-03
-74.0000E-06,+30.9873773E-03,-7.8894757E-03
-73.6000E-06,+30.9873773E-03,-7.8894757E-03
-73.2000E-06,-19.2638785E-03,-45.5779175E-03
-72.8000E-06,-19.2638785E-03,-7.8894757E-03
-72.4000E-06,-19.2638785E-03,-7.8894757E-03
-72.0000E-06,-19.2638785E-03,-7.8894757E-03
-71.6000E-06,+5.8617494E-03,-7.8894757E-03
-71.2000E-06,-19.2638785E-03,-7.8894757E-03
-70.8000E-06,-19.2638785E-03,-5.3769129E-03
-70.4000E-06,-19.2638785E-03,+7.1859010E-03
-70.0000E-06,+5.8617494E-03,-7.8894757E-03
-69.6000E-06,-19.2638785E-03,-7.8894757E-03
-69.2000E-06,-19.2638785E-03,+19.7487150E-03
-68.8000E-06,+30.9873773E-03,-7.8894757E-03
-68.4000E-06,-19.2638785E-03,-7.8894757E-03
-68.0000E-06,-19.2638785E-03,-7.8894757E-03
-67.6000E-06,+30.9873773E-03,+19.7487150E-03
-67.2000E-06,-19.2638785E-03,-45.5779175E-03
-66.8000E-06,-19.2638785E-03,-7.8894757E-03
-66.4000E-06,-19.2638785E-03,+19.7487150E-03
-66.0000E-06,-19.2638785E-03,-7.8894757E-03
-65.6000E-06,-19.2638785E-03,-33.0151035E-03
-65.2000E-06,+5.8617494E-03,+7.1859010E-03
-64.8000E-06,-19.2638785E-03,-5.3769129E-03
-64.4000E-06,-19.2638785E-03,-7.8894757E-03
-64.0000E-06,-19.2638785E-03,-7.8894757E-03
-63.6000E-06,-19.2638785E-03,+32.3115289E-03
-63.2000E-06,-19.2638785E-03,-20.4522896E-03
-62.8000E-06,-19.2638785E-03,+7.1859010E-03
-62.4000E-06,-19.2638785E-03,-7.8894757E-03
-62.0000E-06,-19.2638785E-03,-7.8894757E-03
-61.6000E-06,+5.8617494E-03,-33.0151035E-03
-61.2000E-06,-19.2638785E-03,-5.3769129E-03
-60.8000E-06,+5.8617494E-03,+7.1859010E-03
-60.4000E-06,-19.2638785E-03,-7.8894757E-03
-60.0000E-06,-19.2638785E-03,-7.8894757E-03
-59.6000E-06,-19.2638785E-03,-7.8894757E-03
-59.2000E-06,-19.2638785E-03,+19.7487150E-03
-58.8000E-06,-19.2638785E-03,-7.8894757E-03
-58.4000E-06,-19.2638785E-03,-7.8894757E-03
-58.0000E-06,-19.2638785E-03,+7.1859010E-03
-57.6000E-06,-19.2638785E-03,+32.3115289E-03
-57.2000E-06,-19.2638785E-03,+19.7487150E-03
-56.8000E-06,+5.8617494E-03,-33.0151035E-03
-56.4000E-06,-19.2638785E-03,-7.8894757E-03
-56.0000E-06,-19.2638785E-03,-48.0904803E-03
-55.6000E-06,+30.9873773E-03,-33.0151035E-03
-55.2000E-06,-19.2638785E-03,-45.5779175E-03
-54.8000E-06,-19.2638785E-03,-7.8894757E-03
-54.4000E-06,-19.2638785E-03,-7.8894757E-03
-54.0000E-06,-19.2638785E-03,-7.8894757E-03
-53.6000E-06,+30.9873773E-03,+7.1859010E-03
-53.2000E-06,+30.9873773E-03,+7.1859010E-03
-52.8000E-06,-19.2638785E-03,+32.3115289E-03
-52.4000E-06,-19.2638785E-03,-7.8894757E-03
-52.0000E-06,+5.8617494E-03,-7.8894757E-03
-51.6000E-06,-99.6658877E-03,-7.8894757E-03
-51.2000E-06,-19.2638785E-03,+7.1859010E-03
-50.8000E-06,+5.8617494E-03,-7.8894757E-03
-50.4000E-06,+56.1130052E-03,-7.8894757E-03
-50.0000E-06,+5.8617494E-03,-20.4522896E-03
-49.6000E-06,-19.2638785E-03,-7.8894757E-03
-49.2000E-06,-19.2638785E-03,-7.8894757E-03
-48.8000E-06,-19.2638785E-03,+19.7487150E-03
-48.4000E-06,+30.9873773E-03,+7.1859010E-03
-48.0000E-06,-19.2638785E-03,-45.5779175E-03
-47.6000E-06,+30.9873773E-03,+7.1859010E-03
-47.2000E-06,-19.2638785E-03,-7.8894757E-03
-46.8000E-06,+56.1130052E-03,-7.8894757E-03
-46.4000E-06,+30.9873773E-03,-7.8894757E-03
-46.0000E-06,-19.2638785E-03,-33.0151035E-03
-45.6000E-06,-19.2638785E-03,-5.3769129E-03
-45.2000E-06,-19.2638785E-03,+19.7487150E-03
-44.8000E-06,-19.2638785E-03,-33.0151035E-03
-44.4000E-06,-19.2638785E-03,-7.8894757E-03
-44.0000E-06,-19.2638785E-03,-33.0151035E-03
-43.6000E-06,-74.5402598E-03,-20.4522896E-03
-43.2000E-06,-19.2638785E-03,-7.8894757E-03
-42.8000E-06,-19.2638785E-03,+7.1859010E-03
-42.4000E-06,-19.2638785E-03,-7.8894757E-03
-42.0000E-06,-19.2638785E-03,-7.8894757E-03
-41.6000E-06,-19.2638785E-03,-33.0151035E-03
-41.2000E-06,-19.2638785E-03,+19.7487150E-03
-40.8000E-06,-19.2638785E-03,+32.3115289E-03
-40.4000E-06,+5.8617494E-03,-48.0904803E-03
-40.0000E-06,+30.9873773E-03,-7.8894757E-03
-39.6000E-06,-24.2890040E-03,+32.3115289E-03
-39.2000E-06,+61.1381307E-03,+19.7487150E-03
-38.8000E-06,+61.1381307E-03,-7.8894757E-03
-38.4000E-06,-19.2638785E-03,-7.8894757E-03
-38.0000E-06,-19.2638785E-03,-7.8894757E-03
-37.6000E-06,-19.2638785E-03,+19.7487150E-03
-37.2000E-06,-19.2638785E-03,-7.8894757E-03
-36.8000E-06,-19.2638785E-03,+7.1859010E-03
-36.4000E-06,+5.8617494E-03,-7.8894757E-03
-36.0000E-06,-19.2638785E-03,+32.3115289E-03
-35.6000E-06,+61.1381307E-03,+7.1859010E-03
-35.2000E-06,+30.9873773E-03,+7.1859010E-03
-34.8000E-06,-19.2638785E-03,+32.3115289E-03
-34.4000E-06,-19.2638785E-03,+7.1859010E-03
-34.0000E-06,+30.9873773E-03,-7.8894757E-03
-33.6000E-06,-19.2638785E-03,-5.3769129E-03
-33.2000E-06,+5.8617494E-03,+19.7487150E-03
-32.8000E-06,+61.1381307E-03,-7.8894757E-03
-32.4000E-06,-19.2638785E-03,-7.8894757E-03
-32.0000E-06,-19.2638785E-03,-33.0151035E-03
-31.6000E-06,-19.2638785E-03,+19.7487150E-03
-31.2000E-06,+56.1130052E-03,-7.8894757E-03
-30.8000E-06,+30.9873773E-03,-20.4522896E-03
-30.4000E-06,-19.2638785E-03,-7.8894757E-03
-30.0000E-06,+56.1130052E-03,-45.5779175E-03
-29.6000E-06,+5.8617494E-03,-7.8894757E-03
-29.2000E-06,-19.2638785E-03,+19.7487150E-03
-28.8000E-06,-19.2638785E-03,-7.8894757E-03
-28.4000E-06,-19.2638785E-03,+7.1859010E-03
-28.0000E-06,-19.2638785E-03,+7.1859010E-03
-27.6000E-06,-19.2638785E-03,+32.3115289E-03
-27.2000E-06,-19.2638785E-03,-7.8894757E-03
-26.8000E-06,+61.1381307E-03,-7.8894757E-03
-26.4000E-06,+61.1381307E-03,-7.8894757E-03
-26.0000E-06,-19.2638785E-03,-7.8894757E-03
-25.6000E-06,+5.8617494E-03,+7.1859010E-03
-25.2000E-06,-19.2638785E-03,+32.3115289E-03
-24.8000E-06,-49.4146319E-03,+19.7487150E-03
-24.4000E-06,+30.9873773E-03,-7.8894757E-03
-24.0000E-06,+56.1130052E-03,-5.3769129E-03
-23.6000E-06,+61.1381307E-03,-7.8894757E-03
-23.2000E-06,-19.2638785E-03,-7.8894757E-03
-22.8000E-06,-19.2638785E-03,-7.8894757E-03
-22.4000E-06,-19.2638785E-03,-48.0904803E-03
-22.0000E-06,-49.4146319E-03,-7.8894757E-03
-21.6000E-06,+61.1381307E-03,-7.8894757E-03
-21.2000E-06,-19.2638785E-03,+19.7487150E-03
-20.8000E-06,+5.8617494E-03,-7.8894757E-03
-20.4000E-06,-19.2638785E-03,-7.8894757E-03
-20.0000E-06,-19.2638785E-03,-7.8894757E-03
-19.6000E-06,+30.9873773E-03,+7.1859010E-03
-19.2000E-06,-99.6658877E-03,-7.8894757E-03
-18.8000E-06,-19.2638785E-03,+19.7487150E-03
-18.4000E-06,+5.8617494E-03,-33.0151035E-03
-18.0000E-06,-19.2638785E-03,+32.3115289E-03
-17.6000E-06,+5.8617494E-03,-20.4522896E-03
-17.2000E-06,-49.4146319E-03,-20.4522896E-03
-16.8000E-06,-19.2638785E-03,-7.8894757E-03
-16.4000E-06,-19.2638785E-03,+19.7487150E-03
-16.0000E-06,-19.2638785E-03,+7.1859010E-03
-15.6000E-06,-19.2638785E-03,-7.8894757E-03
-15.2000E-06,-19.2638785E-03,+7.1859010E-03
-14.8000E-06,+30.9873773E-03,-7.8894757E-03
-14.4000E-06,-19.2638785E-03,-7.8894757E-03
-14.0000E-06,-19.2638785E-03,+19.7487150E-03
-13.6000E-06,-19.2638785E-03,-7.8894757E-03
-13.2000E-06,-19.2638785E-03,-7.8894757E-03
-12.8000E-06,-19.2638785E-03,+7.1859010E-03
-12.4000E-06,-19.2638785E-03,-7.8894757E-03
-12.0000E-06,-19.2638785E-03,+32.3115289E-03
-11.6000E-06,-19.2638785E-03,+7.1859010E-03
-11.2000E-06,-19.2638785E-03,+7.1859010E-03
-10.8000E-06,-19.2638785E-03,-7.8894757E-03
-10.4000E-06,+30.9873773E-03,+32.3115289E-03
-10.0000E-06,+5.8617494E-03,-7.8894757E-03
-9.6000E-06,-19.2638785E-03,-5.3769129E-03
-9.2000E-06,+30.9873773E-03,-7.8894757E-03
-8.8000E-06,-19.2638785E-03,-7.8894757E-03
-8.4000E-06,-19.2638785E-03,-7.8894757E-03
-8.0000E-06,+5.8617494E-03,-7.8894757E-03
-7.6000E-06,-19.2638785E-03,-7.8894757E-03
-7.2000E-06,-19.2638785E-03,-7.8894757E-03
-6.8000E-06,+5.8617494E-03,-7.8894757E-03
-6.4000E-06,+61.1381307E-03,-7.8894757E-03
-6.0000E-06,-19.2638785E-03,-7.8894757E-03
-5.6000E-06,+30.9873773E-03,-20.4522896E-03
-5.2000E-06,-19.2638785E-03,-7.8894757E-03
-4.8000E-06,-19.2638785E-03,+32.3115289E-03
-4.4000E-06,-49.4146319E-03,-7.8894757E-03
-4.0000E-06,-19.2638785E-03,-7.8894757E-03
-3.6000E-06,-19.2638785E-03,+32.3115289E-03
-3.2000E-06,-19.2638785E-03,+7.1859010E-03
-2.8000E-06,+5.8617494E-03,-7.8894757E-03
-2.4000E-06,+56.1130052E-03,-7.8894757E-03
-2.0000E-06,-19.2638785E-03,+7.1859010E-03
-1.6000E-06,+61.1381307E-03,+7.1859010E-03
-1.2000E-06,+543.5501859E-03,+32.3115289E-03
-800.0E-09,+1.2370175151E+00,+32.3115289E-03
-400.0E-09,+1.8299823329E+00,-20.4522896E-03
-0.0E+00,+2.4681732808E+00,-7.8894757E-03
+400.0E-09,+3.0360124707E+00,+690.6029792E-03
+800.0E-09,+3.7043541721E+00,+3.3840702870E+00
+1.2000E-06,+4.1616405994E+00,+3.3689949103E+00
+1.6000E-06,+4.7495802916E+00,+3.3689949103E+00
+2.0000E-06,+4.9355099378E+00,+3.3689949103E+00
+2.4000E-06,+5.0410375749E+00,+3.3313064685E+00
+2.8000E-06,+5.0460627005E+00,+3.3438692824E+00
+3.2000E-06,+4.9656606913E+00,+3.3689949103E+00
+3.6000E-06,+4.9656606913E+00,+3.3689949103E+00
+4.0000E-06,+5.0963139562E+00,+3.3438692824E+00
+4.4000E-06,+5.0460627005E+00,+3.3564320963E+00
+4.8000E-06,+5.0410375749E+00,+3.3689949103E+00
+5.2000E-06,+5.0460627005E+00,+3.3689949103E+00
+5.6000E-06,+4.9907863191E+00,+3.3438692824E+00
+6.0000E-06,+5.0460627005E+00,+3.3689949103E+00
+6.4000E-06,+5.1264647096E+00,+3.3689949103E+00
+6.8000E-06,+5.0460627005E+00,+3.3689949103E+00
+7.2000E-06,+5.0410375749E+00,+3.3689949103E+00
+7.6000E-06,+5.0460627005E+00,+3.3564320963E+00
+8.0000E-06,+5.0711883283E+00,+3.3564320963E+00
+8.4000E-06,+5.0460627005E+00,+3.3689949103E+00
+8.8000E-06,+5.0460627005E+00,+3.3689949103E+00
+9.2000E-06,+5.0460627005E+00,+3.3438692824E+00
+9.6000E-06,+5.0460627005E+00,+3.3689949103E+00
+10.0000E-06,+5.0159119470E+00,+3.3689949103E+00
+10.4000E-06,+4.9907863191E+00,+3.3689949103E+00
+10.8000E-06,+5.0460627005E+00,+3.3689949103E+00
+11.2000E-06,+5.0460627005E+00,+3.3564320963E+00
+11.6000E-06,+5.0460627005E+00,+3.3689949103E+00
+12.0000E-06,+5.1214395841E+00,+3.3689949103E+00
+12.4000E-06,+5.0460627005E+00,+3.3564320963E+00
+12.8000E-06,+5.0963139562E+00,+3.3689949103E+00
+13.2000E-06,+4.9656606913E+00,+3.4091959149E+00
+13.6000E-06,+4.9907863191E+00,+3.3840702870E+00
+14.0000E-06,+5.0711883283E+00,+3.3840702870E+00
+14.4000E-06,+5.0460627005E+00,+3.3689949103E+00
+14.8000E-06,+5.0460627005E+00,+3.3840702870E+00
+15.2000E-06,+5.0460627005E+00,+3.3438692824E+00
+15.6000E-06,+5.0460627005E+00,+3.3689949103E+00
+16.0000E-06,+5.0460627005E+00,+3.3840702870E+00
+16.4000E-06,+5.0460627005E+00,+3.3689949103E+00
+16.8000E-06,+5.0460627005E+00,+3.3689949103E+00
+17.2000E-06,+5.0711883283E+00,+3.3689949103E+00
+17.6000E-06,+5.0460627005E+00,+3.3438692824E+00
+18.0000E-06,+4.9656606913E+00,+3.4091959149E+00
+18.4000E-06,+5.0711883283E+00,+3.3438692824E+00
+18.8000E-06,+5.0460627005E+00,+3.3689949103E+00
+19.2000E-06,+5.0460627005E+00,+3.3689949103E+00
+19.6000E-06,+5.0460627005E+00,+3.3840702870E+00
+20.0000E-06,+5.0460627005E+00,+3.3564320963E+00
+20.4000E-06,+5.0460627005E+00,+3.3689949103E+00
+20.8000E-06,+5.0460627005E+00,+3.3966331009E+00
+21.2000E-06,+5.0159119470E+00,+3.3564320963E+00
+21.6000E-06,+5.0460627005E+00,+3.4091959149E+00
+22.0000E-06,+5.0460627005E+00,+3.3689949103E+00
+22.4000E-06,+4.9907863191E+00,+3.3564320963E+00
+22.8000E-06,+5.0410375749E+00,+3.3689949103E+00
+23.2000E-06,+5.0460627005E+00,+3.3689949103E+00
+23.6000E-06,+5.0460627005E+00,+3.3438692824E+00
+24.0000E-06,+5.0460627005E+00,+3.3689949103E+00
+24.4000E-06,+5.0460627005E+00,+3.3966331009E+00
+24.8000E-06,+5.0460627005E+00,+3.3438692824E+00
+25.2000E-06,+5.0460627005E+00,+3.3313064685E+00
+25.6000E-06,+5.0460627005E+00,+3.3689949103E+00
+26.0000E-06,+5.0963139562E+00,+3.3438692824E+00
+26.4000E-06,+5.0460627005E+00,+3.3689949103E+00
+26.8000E-06,+5.0711883283E+00,+3.3966331009E+00
+27.2000E-06,+5.0460627005E+00,+3.3438692824E+00
+27.6000E-06,+5.0410375749E+00,+3.3689949103E+00
+28.0000E-06,+5.0159119470E+00,+3.3438692824E+00
+28.4000E-06,+5.0460627005E+00,+3.3840702870E+00
+28.8000E-06,+5.0460627005E+00,+3.4091959149E+00
+29.2000E-06,+4.9907863191E+00,+3.3840702870E+00
+29.6000E-06,+4.9907863191E+00,+3.3689949103E+00
+30.0000E-06,+5.0410375749E+00,+3.3313064685E+00
+30.4000E-06,+5.0963139562E+00,+3.3438692824E+00
+30.8000E-06,+5.0460627005E+00,+3.3438692824E+00
+31.2000E-06,+5.0460627005E+00,+3.3287939057E+00
+31.6000E-06,+5.0711883283E+00,+3.3287939057E+00
+32.0000E-06,+5.0460627005E+00,+3.3689949103E+00
+32.4000E-06,+5.0460627005E+00,+3.3689949103E+00
+32.8000E-06,+4.9656606913E+00,+3.3966331009E+00
+33.2000E-06,+5.0460627005E+00,+3.3689949103E+00
+33.6000E-06,+4.9656606913E+00,+3.3689949103E+00
+34.0000E-06,+5.0963139562E+00,+3.3564320963E+00
+34.4000E-06,+5.0460627005E+00,+3.3689949103E+00
+34.8000E-06,+5.0460627005E+00,+3.3313064685E+00
+35.2000E-06,+5.0460627005E+00,+3.3689949103E+00
+35.6000E-06,+5.0460627005E+00,+3.3287939057E+00
+36.0000E-06,+5.0460627005E+00,+3.3313064685E+00
+36.4000E-06,+5.0460627005E+00,+3.3689949103E+00
+36.8000E-06,+5.0963139562E+00,+3.3689949103E+00
+37.2000E-06,+5.0460627005E+00,+3.3689949103E+00
+37.6000E-06,+4.9907863191E+00,+3.3438692824E+00
+38.0000E-06,+5.0159119470E+00,+3.3689949103E+00
+38.4000E-06,+4.9656606913E+00,+3.3689949103E+00
+38.8000E-06,+5.0460627005E+00,+3.3564320963E+00
+39.2000E-06,+5.0460627005E+00,+3.3689949103E+00
+39.6000E-06,+4.9656606913E+00,+3.4091959149E+00
+40.0000E-06,+5.0460627005E+00,+3.3966331009E+00
+40.4000E-06,+5.0460627005E+00,+3.3564320963E+00
+40.8000E-06,+5.0460627005E+00,+3.3689949103E+00
+41.2000E-06,+5.0460627005E+00,+3.3689949103E+00
+41.6000E-06,+4.9907863191E+00,+3.3438692824E+00
+42.0000E-06,+5.0460627005E+00,+3.3287939057E+00
+42.4000E-06,+5.1264647096E+00,+3.3438692824E+00
+42.8000E-06,+5.0460627005E+00,+3.3689949103E+00
+43.2000E-06,+5.0460627005E+00,+3.3313064685E+00
+43.6000E-06,+5.0460627005E+00,+3.3689949103E+00
+44.0000E-06,+5.0460627005E+00,+3.3564320963E+00
+44.4000E-06,+5.0460627005E+00,+3.4091959149E+00
+44.8000E-06,+5.0159119470E+00,+3.3689949103E+00
+45.2000E-06,+5.0460627005E+00,+3.3689949103E+00
+45.6000E-06,+4.9656606913E+00,+3.3689949103E+00
+46.0000E-06,+5.0963139562E+00,+3.3438692824E+00
+46.4000E-06,+5.0460627005E+00,+3.3689949103E+00
+46.8000E-06,+5.0460627005E+00,+3.3689949103E+00
+47.2000E-06,+5.0460627005E+00,+3.3966331009E+00
+47.6000E-06,+5.0963139562E+00,+3.3438692824E+00
+48.0000E-06,+5.0460627005E+00,+3.3689949103E+00
+48.4000E-06,+5.0159119470E+00,+3.3564320963E+00
+48.8000E-06,+5.0460627005E+00,+3.3564320963E+00
+49.2000E-06,+5.0460627005E+00,+3.3689949103E+00
+49.6000E-06,+5.0159119470E+00,+3.3840702870E+00
+50.0000E-06,+5.0159119470E+00,+3.3689949103E+00
+50.4000E-06,+5.0410375749E+00,+3.3689949103E+00
+50.8000E-06,+5.0963139562E+00,+3.3438692824E+00
+51.2000E-06,+5.0460627005E+00,+3.3840702870E+00
+51.6000E-06,+5.0460627005E+00,+3.3689949103E+00
+52.0000E-06,+5.0460627005E+00,+3.3840702870E+00
+52.4000E-06,+5.0711883283E+00,+3.3689949103E+00
+52.8000E-06,+5.0410375749E+00,+3.3689949103E+00
+53.2000E-06,+5.0460627005E+00,+3.3689949103E+00
+53.6000E-06,+5.0460627005E+00,+3.3689949103E+00
+54.0000E-06,+5.0460627005E+00,+3.3689949103E+00
+54.4000E-06,+5.0460627005E+00,+3.3564320963E+00
+54.8000E-06,+5.0460627005E+00,+3.3689949103E+00
+55.2000E-06,+5.0410375749E+00,+3.3689949103E+00
+55.6000E-06,+5.0460627005E+00,+3.3438692824E+00
+56.0000E-06,+5.0460627005E+00,+3.3564320963E+00
+56.4000E-06,+5.0460627005E+00,+3.3689949103E+00
+56.8000E-06,+5.0460627005E+00,+3.3438692824E+00
+57.2000E-06,+5.0460627005E+00,+3.3689949103E+00
+57.6000E-06,+4.9656606913E+00,+3.3287939057E+00
+58.0000E-06,+5.0460627005E+00,+3.3438692824E+00
+58.4000E-06,+5.0460627005E+00,+3.3564320963E+00
+58.8000E-06,+4.9656606913E+00,+3.3689949103E+00
+59.2000E-06,+5.0460627005E+00,+3.3689949103E+00
+59.6000E-06,+5.0460627005E+00,+3.3564320963E+00
+60.0000E-06,+5.0460627005E+00,+3.3689949103E+00
+60.4000E-06,+5.0963139562E+00,+3.3287939057E+00
+60.8000E-06,+5.0159119470E+00,+3.3564320963E+00
+61.2000E-06,+5.1214395841E+00,+3.3689949103E+00
+61.6000E-06,+5.0711883283E+00,+3.3438692824E+00
+62.0000E-06,+4.9907863191E+00,+3.3840702870E+00
+62.4000E-06,+5.0460627005E+00,+3.3689949103E+00
+62.8000E-06,+5.0460627005E+00,+3.3287939057E+00
+63.2000E-06,+4.9656606913E+00,+3.3564320963E+00
+63.6000E-06,+5.0460627005E+00,+3.3689949103E+00
+64.0000E-06,+5.0460627005E+00,+3.3689949103E+00
+64.4000E-06,+5.0460627005E+00,+3.3689949103E+00
+64.8000E-06,+5.0460627005E+00,+3.3689949103E+00
+65.2000E-06,+5.0460627005E+00,+3.3438692824E+00
+65.6000E-06,+5.0460627005E+00,+3.3287939057E+00
+66.0000E-06,+5.0460627005E+00,+3.4091959149E+00
+66.4000E-06,+5.0460627005E+00,+3.3564320963E+00
+66.8000E-06,+5.0460627005E+00,+3.3689949103E+00
+67.2000E-06,+4.9656606913E+00,+3.3689949103E+00
+67.6000E-06,+5.0460627005E+00,+3.3689949103E+00
+68.0000E-06,+5.0711883283E+00,+3.3438692824E+00
+68.4000E-06,+5.0460627005E+00,+3.3689949103E+00
+68.8000E-06,+5.0460627005E+00,+3.3689949103E+00
+69.2000E-06,+5.0460627005E+00,+3.3438692824E+00
+69.6000E-06,+5.0460627005E+00,+3.3689949103E+00
+70.0000E-06,+5.0460627005E+00,+3.3564320963E+00
+70.4000E-06,+5.0460627005E+00,+3.3689949103E+00
+70.8000E-06,+5.0460627005E+00,+3.3689949103E+00
+71.2000E-06,+5.0963139562E+00,+3.3564320963E+00
+71.6000E-06,+4.9656606913E+00,+3.3564320963E+00
+72.0000E-06,+5.0460627005E+00,+3.3689949103E+00
+72.4000E-06,+5.0963139562E+00,+3.3564320963E+00
+72.8000E-06,+5.0460627005E+00,+3.3438692824E+00
+73.2000E-06,+4.9656606913E+00,+3.3689949103E+00
+73.6000E-06,+5.0460627005E+00,+3.3287939057E+00
+74.0000E-06,+5.0460627005E+00,+3.3438692824E+00
+74.4000E-06,+5.0460627005E+00,+3.3313064685E+00
+74.8000E-06,+4.9907863191E+00,+3.3438692824E+00
+75.2000E-06,+5.0460627005E+00,+3.3689949103E+00
+75.6000E-06,+4.9656606913E+00,+3.3313064685E+00
+76.0000E-06,+5.0711883283E+00,+3.3438692824E+00
+76.4000E-06,+5.0460627005E+00,+3.3438692824E+00
+76.8000E-06,+4.9656606913E+00,+3.3689949103E+00
+77.2000E-06,+5.0460627005E+00,+3.3689949103E+00
+77.6000E-06,+5.0460627005E+00,+3.3689949103E+00
+78.0000E-06,+5.0460627005E+00,+3.3689949103E+00
+78.4000E-06,+5.0963139562E+00,+3.3564320963E+00
+78.8000E-06,+5.0460627005E+00,+3.3438692824E+00
+79.2000E-06,+5.0410375749E+00,+3.3287939057E+00
+79.6000E-06,+5.0460627005E+00,+3.3966331009E+00
+80.0000E-06,+5.0159119470E+00,+3.3438692824E+00
+80.4000E-06,+5.0410375749E+00,+3.3689949103E+00
+80.8000E-06,+4.9656606913E+00,+3.3564320963E+00
+81.2000E-06,+5.0460627005E+00,+3.3287939057E+00
+81.6000E-06,+5.0460627005E+00,+3.3313064685E+00
+82.0000E-06,+5.0460627005E+00,+3.3287939057E+00
+82.4000E-06,+5.1264647096E+00,+3.3564320963E+00
+82.8000E-06,+5.0410375749E+00,+3.4091959149E+00
+83.2000E-06,+5.0460627005E+00,+3.3564320963E+00
+83.6000E-06,+5.0711883283E+00,+3.3689949103E+00
+84.0000E-06,+5.0460627005E+00,+3.3313064685E+00
+84.4000E-06,+5.0460627005E+00,+3.3438692824E+00
+84.8000E-06,+4.9907863191E+00,+3.3287939057E+00
+85.2000E-06,+5.0460627005E+00,+3.2911054639E+00
+85.6000E-06,+5.0460627005E+00,+3.3287939057E+00
+86.0000E-06,+5.0711883283E+00,+3.3162310917E+00
+86.4000E-06,+5.0460627005E+00,+3.3689949103E+00
+86.8000E-06,+5.0460627005E+00,+3.3689949103E+00
+87.2000E-06,+5.0460627005E+00,+3.3689949103E+00
+87.6000E-06,+5.0410375749E+00,+3.3715074731E+00
+88.0000E-06,+4.9656606913E+00,+3.3564320963E+00
+88.4000E-06,+4.9907863191E+00,+3.3689949103E+00
+88.8000E-06,+5.1214395841E+00,+3.3689949103E+00
+89.2000E-06,+5.0159119470E+00,+3.3287939057E+00
+89.6000E-06,+5.0711883283E+00,+3.3689949103E+00
+90.0000E-06,+5.0460627005E+00,+3.4091959149E+00
+90.4000E-06,+4.9907863191E+00,+3.3438692824E+00
+90.8000E-06,+4.9907863191E+00,+3.3564320963E+00
+91.2000E-06,+5.0460627005E+00,+3.3313064685E+00
+91.6000E-06,+4.9907863191E+00,+3.3689949103E+00
+92.0000E-06,+5.0460627005E+00,+3.3564320963E+00
+92.4000E-06,+4.9656606913E+00,+3.3313064685E+00
+92.8000E-06,+5.0460627005E+00,+3.3287939057E+00
+93.2000E-06,+5.0460627005E+00,+3.3689949103E+00
+93.6000E-06,+4.9656606913E+00,+3.3313064685E+00
+94.0000E-06,+5.0460627005E+00,+3.3689949103E+00
+94.4000E-06,+5.0963139562E+00,+3.3438692824E+00
+94.8000E-06,+4.9656606913E+00,+3.4091959149E+00
+95.2000E-06,+5.0159119470E+00,+3.3287939057E+00
+95.6000E-06,+4.9907863191E+00,+3.3438692824E+00
+96.0000E-06,+4.8852586821E+00,+3.3689949103E+00
+96.4000E-06,+4.4832486361E+00,+3.3689949103E+00
+96.8000E-06,+3.9706858275E+00,+3.3438692824E+00
+97.2000E-06,+3.3576205075E+00,+3.3313064685E+00
+97.6000E-06,+2.7144044340E+00,+3.3438692824E+00
+98.0000E-06,+2.0711883605E+00,+3.3564320963E+00
+98.4000E-06,+1.5887763053E+00,-7.8894757E-03
+98.8000E-06,+865.1582226E-03,-7.8894757E-03
+99.2000E-06,+302.3441583E-03,-7.8894757E-03
+99.6000E-06,-19.2638785E-03,-7.8894757E-03
+100.0000E-06,+5.8617494E-03,-7.8894757E-03
+100.4000E-06,+5.8617494E-03,-20.4522896E-03
+100.8000E-06,-19.2638785E-03,-7.8894757E-03
+101.2000E-06,+30.9873773E-03,-33.0151035E-03
+101.6000E-06,-19.2638785E-03,-7.8894757E-03
+102.0000E-06,-19.2638785E-03,-45.5779175E-03
+102.4000E-06,-19.2638785E-03,-20.4522896E-03
+102.8000E-06,+5.8617494E-03,-7.8894757E-03
+103.2000E-06,-24.2890040E-03,-45.5779175E-03
+103.6000E-06,-19.2638785E-03,-20.4522896E-03
+104.0000E-06,-19.2638785E-03,-7.8894757E-03
+104.4000E-06,-19.2638785E-03,-7.8894757E-03
+104.8000E-06,-74.5402598E-03,-7.8894757E-03
+105.2000E-06,-19.2638785E-03,-20.4522896E-03
+105.6000E-06,+56.1130052E-03,-48.0904803E-03
+106.0000E-06,-19.2638785E-03,+19.7487150E-03
+106.4000E-06,-19.2638785E-03,-33.0151035E-03
+106.8000E-06,-19.2638785E-03,-7.8894757E-03
+107.2000E-06,-19.2638785E-03,-7.8894757E-03
+107.6000E-06,-19.2638785E-03,-33.0151035E-03
+108.0000E-06,-19.2638785E-03,-7.8894757E-03
+108.4000E-06,+30.9873773E-03,-7.8894757E-03
+108.8000E-06,-19.2638785E-03,+7.1859010E-03
+109.2000E-06,+56.1130052E-03,-7.8894757E-03
+109.6000E-06,-19.2638785E-03,-20.4522896E-03
+110.0000E-06,-19.2638785E-03,-7.8894757E-03
+110.4000E-06,-19.2638785E-03,-48.0904803E-03
+110.8000E-06,-49.4146319E-03,-20.4522896E-03
+111.2000E-06,-19.2638785E-03,-20.4522896E-03
+111.6000E-06,-19.2638785E-03,-48.0904803E-03
+112.0000E-06,-19.2638785E-03,-7.8894757E-03
+112.4000E-06,-49.4146319E-03,+7.1859010E-03
+112.8000E-06,-19.2638785E-03,-7.8894757E-03
+113.2000E-06,-74.5402598E-03,-20.4522896E-03
+113.6000E-06,-49.4146319E-03,-7.8894757E-03
+114.0000E-06,-19.2638785E-03,-5.3769129E-03
+114.4000E-06,-19.2638785E-03,-20.4522896E-03
+114.8000E-06,-49.4146319E-03,-7.8894757E-03
+115.2000E-06,-19.2638785E-03,-7.8894757E-03
+115.6000E-06,-19.2638785E-03,-7.8894757E-03
+116.0000E-06,-19.2638785E-03,-33.0151035E-03
+116.4000E-06,+56.1130052E-03,-48.0904803E-03
+116.8000E-06,-19.2638785E-03,-33.0151035E-03
+117.2000E-06,-19.2638785E-03,-7.8894757E-03
+117.6000E-06,-19.2638785E-03,-45.5779175E-03
+118.0000E-06,-49.4146319E-03,-33.0151035E-03
+118.4000E-06,-19.2638785E-03,+19.7487150E-03
+118.8000E-06,-19.2638785E-03,-7.8894757E-03
+119.2000E-06,-19.2638785E-03,+7.1859010E-03
+119.6000E-06,+30.9873773E-03,-7.8894757E-03
+120.0000E-06,-19.2638785E-03,-7.8894757E-03
+120.4000E-06,-19.2638785E-03,-33.0151035E-03
+120.8000E-06,-19.2638785E-03,-20.4522896E-03
+121.2000E-06,-19.2638785E-03,-7.8894757E-03
+121.6000E-06,-74.5402598E-03,-33.0151035E-03
+122.0000E-06,-19.2638785E-03,-20.4522896E-03
+122.4000E-06,-19.2638785E-03,+32.3115289E-03
+122.8000E-06,-19.2638785E-03,-20.4522896E-03
+123.2000E-06,+5.8617494E-03,-7.8894757E-03
+123.6000E-06,-19.2638785E-03,-45.5779175E-03
+124.0000E-06,-19.2638785E-03,-20.4522896E-03
+124.4000E-06,-19.2638785E-03,-7.8894757E-03
+124.8000E-06,-19.2638785E-03,-7.8894757E-03
+125.2000E-06,-74.5402598E-03,-20.4522896E-03
+125.6000E-06,-49.4146319E-03,-33.0151035E-03
+126.0000E-06,+56.1130052E-03,-7.8894757E-03
+126.4000E-06,-74.5402598E-03,-20.4522896E-03
+126.8000E-06,-19.2638785E-03,+19.7487150E-03
+127.2000E-06,-19.2638785E-03,-48.0904803E-03
+127.6000E-06,+30.9873773E-03,-7.8894757E-03
+128.0000E-06,-19.2638785E-03,+19.7487150E-03
+128.4000E-06,-24.2890040E-03,-45.5779175E-03
+128.8000E-06,-19.2638785E-03,-33.0151035E-03
+129.2000E-06,-19.2638785E-03,-20.4522896E-03
+129.6000E-06,-19.2638785E-03,-7.8894757E-03
+130.0000E-06,-19.2638785E-03,-7.8894757E-03
+130.4000E-06,-19.2638785E-03,-7.8894757E-03
+130.8000E-06,-19.2638785E-03,+32.3115289E-03
+131.2000E-06,+5.8617494E-03,-20.4522896E-03
+131.6000E-06,-19.2638785E-03,-20.4522896E-03
+132.0000E-06,-19.2638785E-03,-7.8894757E-03
+132.4000E-06,-19.2638785E-03,-48.0904803E-03
+132.8000E-06,-49.4146319E-03,-7.8894757E-03
+133.2000E-06,-19.2638785E-03,-45.5779175E-03
+133.6000E-06,-19.2638785E-03,-20.4522896E-03
+134.0000E-06,-19.2638785E-03,+32.3115289E-03
+134.4000E-06,+56.1130052E-03,-5.3769129E-03
+134.8000E-06,-19.2638785E-03,-7.8894757E-03
+135.2000E-06,-19.2638785E-03,-33.0151035E-03
+135.6000E-06,-19.2638785E-03,-7.8894757E-03
+136.0000E-06,-49.4146319E-03,-7.8894757E-03
+136.4000E-06,+5.8617494E-03,-33.0151035E-03
+136.8000E-06,-99.6658877E-03,-48.0904803E-03
+137.2000E-06,-19.2638785E-03,-48.0904803E-03
+137.6000E-06,-19.2638785E-03,-33.0151035E-03
+138.0000E-06,-19.2638785E-03,-45.5779175E-03
+138.4000E-06,-19.2638785E-03,-33.0151035E-03
+138.8000E-06,-19.2638785E-03,-20.4522896E-03
+139.2000E-06,-19.2638785E-03,-7.8894757E-03
+139.6000E-06,-49.4146319E-03,-7.8894757E-03
+140.0000E-06,+30.9873773E-03,-7.8894757E-03
+140.4000E-06,-19.2638785E-03,-7.8894757E-03
+140.8000E-06,-19.2638785E-03,+7.1859010E-03
+141.2000E-06,+5.8617494E-03,-20.4522896E-03
+141.6000E-06,-19.2638785E-03,-7.8894757E-03
+142.0000E-06,-19.2638785E-03,-33.0151035E-03
+142.4000E-06,-19.2638785E-03,-7.8894757E-03
+142.8000E-06,-19.2638785E-03,-45.5779175E-03
+143.2000E-06,+5.8617494E-03,+19.7487150E-03
+143.6000E-06,-19.2638785E-03,+7.1859010E-03
+144.0000E-06,-19.2638785E-03,-7.8894757E-03
+144.4000E-06,-19.2638785E-03,-20.4522896E-03
+144.8000E-06,-19.2638785E-03,-7.8894757E-03
+145.2000E-06,-19.2638785E-03,-45.5779175E-03
+145.6000E-06,-19.2638785E-03,-7.8894757E-03
+146.0000E-06,-19.2638785E-03,-20.4522896E-03
+146.4000E-06,-99.6658877E-03,-7.8894757E-03
+146.8000E-06,-19.2638785E-03,-7.8894757E-03
+147.2000E-06,+30.9873773E-03,-48.0904803E-03
+147.6000E-06,-19.2638785E-03,-45.5779175E-03
+148.0000E-06,-19.2638785E-03,+7.1859010E-03
+148.4000E-06,-19.2638785E-03,-33.0151035E-03
+148.8000E-06,-24.2890040E-03,-5.3769129E-03
+149.2000E-06,-49.4146319E-03,-7.8894757E-03
+149.6000E-06,+30.9873773E-03,+7.1859010E-03
+150.0000E-06,-19.2638785E-03,+32.3115289E-03
+150.4000E-06,-19.2638785E-03,-33.0151035E-03
+150.8000E-06,-19.2638785E-03,-20.4522896E-03
+151.2000E-06,-99.6658877E-03,-7.8894757E-03
+151.6000E-06,-19.2638785E-03,-7.8894757E-03
+152.0000E-06,-19.2638785E-03,-7.8894757E-03
+152.4000E-06,-19.2638785E-03,-7.8894757E-03
+152.8000E-06,-19.2638785E-03,-33.0151035E-03
+153.2000E-06,-19.2638785E-03,-7.8894757E-03
+153.6000E-06,-19.2638785E-03,-48.0904803E-03
+154.0000E-06,-19.2638785E-03,-20.4522896E-03
+154.4000E-06,-19.2638785E-03,-7.8894757E-03
+154.8000E-06,+56.1130052E-03,-7.8894757E-03
+155.2000E-06,-19.2638785E-03,-33.0151035E-03
+155.6000E-06,-19.2638785E-03,-20.4522896E-03
+156.0000E-06,-19.2638785E-03,-7.8894757E-03
+156.4000E-06,-49.4146319E-03,-7.8894757E-03
+156.8000E-06,-19.2638785E-03,-7.8894757E-03
+157.2000E-06,+56.1130052E-03,-7.8894757E-03
+157.6000E-06,-19.2638785E-03,-7.8894757E-03
+158.0000E-06,+5.8617494E-03,-33.0151035E-03
+158.4000E-06,-19.2638785E-03,-7.8894757E-03
+158.8000E-06,+61.1381307E-03,-7.8894757E-03
+159.2000E-06,-19.2638785E-03,-7.8894757E-03
+159.6000E-06,-19.2638785E-03,-7.8894757E-03
+160.0000E-06,-19.2638785E-03,-20.4522896E-03
+160.4000E-06,+30.9873773E-03,-33.0151035E-03
+160.8000E-06,-19.2638785E-03,-7.8894757E-03
+161.2000E-06,-19.2638785E-03,-33.0151035E-03
+161.6000E-06,-19.2638785E-03,-33.0151035E-03
+162.0000E-06,-19.2638785E-03,-7.8894757E-03
+162.4000E-06,-19.2638785E-03,-33.0151035E-03
+162.8000E-06,-49.4146319E-03,-33.0151035E-03
+163.2000E-06,-19.2638785E-03,-7.8894757E-03
+163.6000E-06,-19.2638785E-03,+19.7487150E-03
+164.0000E-06,-19.2638785E-03,-33.0151035E-03
+164.4000E-06,-19.2638785E-03,-5.3769129E-03
+164.8000E-06,-19.2638785E-03,-7.8894757E-03
+165.2000E-06,-19.2638785E-03,-48.0904803E-03
+165.6000E-06,-19.2638785E-03,-7.8894757E-03
+166.0000E-06,+5.8617494E-03,-20.4522896E-03
+166.4000E-06,-19.2638785E-03,-7.8894757E-03
+166.8000E-06,-19.2638785E-03,-7.8894757E-03
+167.2000E-06,-19.2638785E-03,-7.8894757E-03
+167.6000E-06,-19.2638785E-03,-20.4522896E-03
+168.0000E-06,-19.2638785E-03,-7.8894757E-03
+168.4000E-06,-19.2638785E-03,+7.1859010E-03
+168.8000E-06,-74.5402598E-03,-20.4522896E-03
+169.2000E-06,-19.2638785E-03,-7.8894757E-03
+169.6000E-06,-19.2638785E-03,-7.8894757E-03
+170.0000E-06,-19.2638785E-03,-20.4522896E-03
+170.4000E-06,-19.2638785E-03,+32.3115289E-03
+170.8000E-06,-19.2638785E-03,-20.4522896E-03
+171.2000E-06,-19.2638785E-03,-20.4522896E-03
+171.6000E-06,-19.2638785E-03,-7.8894757E-03
+172.0000E-06,-19.2638785E-03,-7.8894757E-03
+172.4000E-06,-19.2638785E-03,+19.7487150E-03
+172.8000E-06,-19.2638785E-03,-5.3769129E-03
+173.2000E-06,-19.2638785E-03,-20.4522896E-03
+173.6000E-06,-49.4146319E-03,-7.8894757E-03
+174.0000E-06,-19.2638785E-03,-5.3769129E-03
+174.4000E-06,-19.2638785E-03,-7.8894757E-03
+174.8000E-06,+30.9873773E-03,+7.1859010E-03
+175.2000E-06,-24.2890040E-03,-7.8894757E-03
+175.6000E-06,-19.2638785E-03,+7.1859010E-03
+176.0000E-06,+5.8617494E-03,+7.1859010E-03
+176.4000E-06,-19.2638785E-03,-7.8894757E-03
+176.8000E-06,-19.2638785E-03,-33.0151035E-03
+177.2000E-06,+5.8617494E-03,+19.7487150E-03
+177.6000E-06,-19.2638785E-03,-7.8894757E-03
+178.0000E-06,+5.8617494E-03,-48.0904803E-03
+178.4000E-06,-19.2638785E-03,-20.4522896E-03
+178.8000E-06,-99.6658877E-03,-7.8894757E-03
+179.2000E-06,-19.2638785E-03,-33.0151035E-03
+179.6000E-06,+5.8617494E-03,-7.8894757E-03
+180.0000E-06,-19.2638785E-03,-45.5779175E-03
+180.4000E-06,-19.2638785E-03,+7.1859010E-03
+180.8000E-06,-19.2638785E-03,-33.0151035E-03
+181.2000E-06,-19.2638785E-03,-7.8894757E-03
+181.6000E-06,-74.5402598E-03,-7.8894757E-03
+182.0000E-06,-19.2638785E-03,+32.3115289E-03
+182.4000E-06,-19.2638785E-03,-7.8894757E-03
+182.8000E-06,-19.2638785E-03,-20.4522896E-03
+183.2000E-06,+5.8617494E-03,+7.1859010E-03
+183.6000E-06,-19.2638785E-03,-7.8894757E-03
+184.0000E-06,-19.2638785E-03,-33.0151035E-03
+184.4000E-06,+30.9873773E-03,-7.8894757E-03
+184.8000E-06,-19.2638785E-03,-7.8894757E-03
+185.2000E-06,+61.1381307E-03,-20.4522896E-03
+185.6000E-06,+30.9873773E-03,-7.8894757E-03
+186.0000E-06,-19.2638785E-03,-5.3769129E-03
+186.4000E-06,+5.8617494E-03,-7.8894757E-03
+186.8000E-06,-19.2638785E-03,-7.8894757E-03
+187.2000E-06,-19.2638785E-03,-7.8894757E-03
+187.6000E-06,+30.9873773E-03,+7.1859010E-03
+188.0000E-06,-19.2638785E-03,-33.0151035E-03
+188.4000E-06,+56.1130052E-03,-7.8894757E-03
+188.8000E-06,-99.6658877E-03,-20.4522896E-03
+189.2000E-06,-74.5402598E-03,-7.8894757E-03
+189.6000E-06,-19.2638785E-03,-45.5779175E-03
+190.0000E-06,-19.2638785E-03,-7.8894757E-03
+190.4000E-06,-19.2638785E-03,+7.1859010E-03
+190.8000E-06,-180.0678968E-03,+32.3115289E-03
+191.2000E-06,-19.2638785E-03,-33.0151035E-03
+191.6000E-06,+5.8617494E-03,+19.7487150E-03
+192.0000E-06,+56.1130052E-03,-48.0904803E-03
+192.4000E-06,-19.2638785E-03,+19.7487150E-03
+192.8000E-06,-19.2638785E-03,-7.8894757E-03
+193.2000E-06,-19.2638785E-03,-5.3769129E-03
+193.6000E-06,-19.2638785E-03,+7.1859010E-03
+194.0000E-06,+30.9873773E-03,+32.3115289E-03
+194.4000E-06,-19.2638785E-03,-7.8894757E-03
+194.8000E-06,-19.2638785E-03,+7.1859010E-03
+195.2000E-06,-19.2638785E-03,-20.4522896E-03
+195.6000E-06,-19.2638785E-03,+32.3115289E-03
+196.0000E-06,-19.2638785E-03,+7.1859010E-03
+196.4000E-06,-19.2638785E-03,-33.0151035E-03
+196.8000E-06,-19.2638785E-03,-7.8894757E-03
+197.2000E-06,-19.2638785E-03,+7.1859010E-03
+197.6000E-06,-19.2638785E-03,-7.8894757E-03
+198.0000E-06,-19.2638785E-03,-7.8894757E-03
+198.4000E-06,-19.2638785E-03,-7.8894757E-03
+198.8000E-06,-19.2638785E-03,-7.8894757E-03
+199.2000E-06,-19.2638785E-03,-7.8894757E-03
+199.6000E-06,-19.2638785E-03,-7.8894757E-03
+200.0000E-06,-19.2638785E-03,-7.8894757E-03
+200.4000E-06,-19.2638785E-03,-7.8894757E-03
+200.8000E-06,-19.2638785E-03,+7.1859010E-03
+201.2000E-06,-19.2638785E-03,-7.8894757E-03
+201.6000E-06,-19.2638785E-03,-7.8894757E-03
+202.0000E-06,-19.2638785E-03,+7.1859010E-03
+202.4000E-06,+30.9873773E-03,-7.8894757E-03
+202.8000E-06,-19.2638785E-03,-5.3769129E-03
+203.2000E-06,-19.2638785E-03,-7.8894757E-03
+203.6000E-06,-19.2638785E-03,-7.8894757E-03
+204.0000E-06,-19.2638785E-03,-45.5779175E-03
+204.4000E-06,-19.2638785E-03,-7.8894757E-03
+204.8000E-06,-19.2638785E-03,+19.7487150E-03
+205.2000E-06,-19.2638785E-03,+32.3115289E-03
+205.6000E-06,+5.8617494E-03,+7.1859010E-03
+206.0000E-06,-74.5402598E-03,-7.8894757E-03
+206.4000E-06,-19.2638785E-03,-7.8894757E-03
+206.8000E-06,+30.9873773E-03,-7.8894757E-03
+207.2000E-06,+30.9873773E-03,-20.4522896E-03
+207.6000E-06,-19.2638785E-03,-7.8894757E-03
+208.0000E-06,+5.8617494E-03,-33.0151035E-03
+208.4000E-06,-19.2638785E-03,+32.3115289E-03
+208.8000E-06,-99.6658877E-03,-7.8894757E-03
+209.2000E-06,-19.2638785E-03,-7.8894757E-03
+209.6000E-06,-19.2638785E-03,-33.0151035E-03
+210.0000E-06,-19.2638785E-03,+32.3115289E-03
+210.4000E-06,-19.2638785E-03,-20.4522896E-03
+210.8000E-06,-19.2638785E-03,-7.8894757E-03
+211.2000E-06,+56.1130052E-03,-7.8894757E-03
+211.6000E-06,-19.2638785E-03,-7.8894757E-03
+212.0000E-06,-74.5402598E-03,-7.8894757E-03
+212.4000E-06,+56.1130052E-03,-7.8894757E-03
+212.8000E-06,-19.2638785E-03,-7.8894757E-03
+213.2000E-06,-19.2638785E-03,+19.7487150E-03
+213.6000E-06,-19.2638785E-03,+32.3115289E-03
+214.0000E-06,-19.2638785E-03,+19.7487150E-03
+214.4000E-06,-19.2638785E-03,-7.8894757E-03
+214.8000E-06,-99.6658877E-03,-85.7789221E-03
+215.2000E-06,-19.2638785E-03,-7.8894757E-03
+215.6000E-06,-19.2638785E-03,-7.8894757E-03
+216.0000E-06,+56.1130052E-03,-7.8894757E-03
+216.4000E-06,-19.2638785E-03,-20.4522896E-03
+216.8000E-06,-129.8166411E-03,-33.0151035E-03
+217.2000E-06,-19.2638785E-03,-7.8894757E-03
+217.6000E-06,-19.2638785E-03,-7.8894757E-03
+218.0000E-06,-19.2638785E-03,-7.8894757E-03
+218.4000E-06,-19.2638785E-03,-7.8894757E-03
+218.8000E-06,+5.8617494E-03,+19.7487150E-03
+219.2000E-06,+30.9873773E-03,-7.8894757E-03
+219.6000E-06,-19.2638785E-03,-5.3769129E-03
+220.0000E-06,-19.2638785E-03,-7.8894757E-03
+220.4000E-06,-19.2638785E-03,-7.8894757E-03
+220.8000E-06,-19.2638785E-03,-7.8894757E-03
+221.2000E-06,-19.2638785E-03,-7.8894757E-03
+221.6000E-06,-19.2638785E-03,+7.1859010E-03
+222.0000E-06,-19.2638785E-03,-7.8894757E-03
+222.4000E-06,-19.2638785E-03,-7.8894757E-03
+222.8000E-06,-19.2638785E-03,+7.1859010E-03
+223.2000E-06,+56.1130052E-03,-5.3769129E-03
+223.6000E-06,+61.1381307E-03,-7.8894757E-03
+224.0000E-06,-19.2638785E-03,-7.8894757E-03
+224.4000E-06,-19.2638785E-03,+32.3115289E-03
+224.8000E-06,-19.2638785E-03,-33.0151035E-03
+225.2000E-06,-19.2638785E-03,+7.1859010E-03
+225.6000E-06,+56.1130052E-03,-45.5779175E-03
+226.0000E-06,-19.2638785E-03,-7.8894757E-03
+226.4000E-06,-19.2638785E-03,-7.8894757E-03
+226.8000E-06,-19.2638785E-03,-7.8894757E-03
+227.2000E-06,+5.8617494E-03,+19.7487150E-03
+227.6000E-06,-19.2638785E-03,-20.4522896E-03
+228.0000E-06,-19.2638785E-03,-7.8894757E-03
+228.4000E-06,-19.2638785E-03,-7.8894757E-03
+228.8000E-06,+5.8617494E-03,-33.0151035E-03
+229.2000E-06,-19.2638785E-03,-5.3769129E-03
+229.6000E-06,-49.4146319E-03,-33.0151035E-03
+230.0000E-06,-19.2638785E-03,-7.8894757E-03
+230.4000E-06,-19.2638785E-03,-7.8894757E-03
+230.8000E-06,+5.8617494E-03,-7.8894757E-03
+231.2000E-06,-19.2638785E-03,-7.8894757E-03
+231.6000E-06,+56.1130052E-03,-7.8894757E-03
+232.0000E-06,-19.2638785E-03,-7.8894757E-03
+232.4000E-06,+61.1381307E-03,-7.8894757E-03
+232.8000E-06,-19.2638785E-03,-7.8894757E-03
+233.2000E-06,-19.2638785E-03,-7.8894757E-03
+233.6000E-06,-19.2638785E-03,-20.4522896E-03
+234.0000E-06,-19.2638785E-03,-45.5779175E-03
+234.4000E-06,+30.9873773E-03,-33.0151035E-03
+234.8000E-06,-19.2638785E-03,-7.8894757E-03
+235.2000E-06,-19.2638785E-03,-5.3769129E-03
+235.6000E-06,+5.8617494E-03,-7.8894757E-03
+236.0000E-06,+61.1381307E-03,-7.8894757E-03
+236.4000E-06,-19.2638785E-03,-7.8894757E-03
+236.8000E-06,-19.2638785E-03,-7.8894757E-03
+237.2000E-06,-19.2638785E-03,-7.8894757E-03
+237.6000E-06,-19.2638785E-03,-5.3769129E-03
+238.0000E-06,-19.2638785E-03,-7.8894757E-03
+238.4000E-06,-19.2638785E-03,-7.8894757E-03
+238.8000E-06,-19.2638785E-03,-7.8894757E-03
+239.2000E-06,-19.2638785E-03,-7.8894757E-03
+239.6000E-06,-19.2638785E-03,+7.1859010E-03
+240.0000E-06,-99.6658877E-03,-5.3769129E-03
+240.4000E-06,-19.2638785E-03,+7.1859010E-03
+240.8000E-06,-19.2638785E-03,-20.4522896E-03
+241.2000E-06,-19.2638785E-03,-5.3769129E-03
+241.6000E-06,-19.2638785E-03,-7.8894757E-03
+242.0000E-06,-19.2638785E-03,-7.8894757E-03
+242.4000E-06,-19.2638785E-03,-7.8894757E-03
+242.8000E-06,-19.2638785E-03,-7.8894757E-03
+243.2000E-06,-19.2638785E-03,-7.8894757E-03
+243.6000E-06,-19.2638785E-03,-7.8894757E-03
+244.0000E-06,-19.2638785E-03,+19.7487150E-03
+244.4000E-06,-19.2638785E-03,-20.4522896E-03
+244.8000E-06,-19.2638785E-03,-5.3769129E-03
+245.2000E-06,-19.2638785E-03,-7.8894757E-03
+245.6000E-06,-19.2638785E-03,-7.8894757E-03
+246.0000E-06,+56.1130052E-03,-48.0904803E-03
+246.4000E-06,-19.2638785E-03,-20.4522896E-03
+246.8000E-06,-19.2638785E-03,-7.8894757E-03
+247.2000E-06,-19.2638785E-03,+32.3115289E-03
+247.6000E-06,-19.2638785E-03,-7.8894757E-03
+248.0000E-06,+30.9873773E-03,+7.1859010E-03
+248.4000E-06,+61.1381307E-03,-7.8894757E-03
+248.8000E-06,-19.2638785E-03,+19.7487150E-03
+249.2000E-06,-19.2638785E-03,-33.0151035E-03
+249.6000E-06,-19.2638785E-03,-7.8894757E-03
+250.0000E-06,-19.2638785E-03,-7.8894757E-03
+250.4000E-06,-19.2638785E-03,-20.4522896E-03
+250.8000E-06,-19.2638785E-03,+32.3115289E-03
+251.2000E-06,-19.2638785E-03,+32.3115289E-03
+251.6000E-06,-19.2638785E-03,-7.8894757E-03
+252.0000E-06,+61.1381307E-03,-7.8894757E-03
+252.4000E-06,-19.2638785E-03,-7.8894757E-03
+252.8000E-06,-19.2638785E-03,+7.1859010E-03
+253.2000E-06,+56.1130052E-03,-5.3769129E-03
+253.6000E-06,+30.9873773E-03,-7.8894757E-03
+254.0000E-06,+5.8617494E-03,-7.8894757E-03
+254.4000E-06,-19.2638785E-03,-7.8894757E-03
+254.8000E-06,-19.2638785E-03,+7.1859010E-03
+255.2000E-06,-19.2638785E-03,-7.8894757E-03
+255.6000E-06,-19.2638785E-03,-7.8894757E-03
+256.0000E-06,+30.9873773E-03,-20.4522896E-03
+256.4000E-06,-19.2638785E-03,-20.4522896E-03
+256.8000E-06,-19.2638785E-03,-7.8894757E-03
+257.2000E-06,-19.2638785E-03,+7.1859010E-03
+257.6000E-06,-19.2638785E-03,-7.8894757E-03
+258.0000E-06,-19.2638785E-03,-7.8894757E-03
+258.4000E-06,+5.8617494E-03,-7.8894757E-03
+258.8000E-06,-19.2638785E-03,-33.0151035E-03
+259.2000E-06,-99.6658877E-03,-7.8894757E-03
+259.6000E-06,+5.8617494E-03,-20.4522896E-03
+260.0000E-06,-19.2638785E-03,+7.1859010E-03
+260.4000E-06,-19.2638785E-03,+32.3115289E-03
+260.8000E-06,-19.2638785E-03,-20.4522896E-03
+261.2000E-06,-19.2638785E-03,-7.8894757E-03
+261.6000E-06,-19.2638785E-03,-7.8894757E-03
+262.0000E-06,+5.8617494E-03,-20.4522896E-03
+262.4000E-06,-19.2638785E-03,-7.8894757E-03
+262.8000E-06,-19.2638785E-03,-5.3769129E-03
+263.2000E-06,-19.2638785E-03,-7.8894757E-03
+263.6000E-06,-19.2638785E-03,-7.8894757E-03
+264.0000E-06,-19.2638785E-03,-7.8894757E-03
+264.4000E-06,-19.2638785E-03,-7.8894757E-03
+264.8000E-06,-19.2638785E-03,-20.4522896E-03
+265.2000E-06,-19.2638785E-03,-7.8894757E-03
+265.6000E-06,-19.2638785E-03,-20.4522896E-03
+266.0000E-06,-74.5402598E-03,+19.7487150E-03
+266.4000E-06,-19.2638785E-03,+32.3115289E-03
+266.8000E-06,-19.2638785E-03,+19.7487150E-03
+267.2000E-06,+30.9873773E-03,+19.7487150E-03
+267.6000E-06,-19.2638785E-03,-7.8894757E-03
+268.0000E-06,-19.2638785E-03,-33.0151035E-03
+268.4000E-06,-19.2638785E-03,-7.8894757E-03
+268.8000E-06,-19.2638785E-03,-5.3769129E-03
+269.2000E-06,+30.9873773E-03,-48.0904803E-03
+269.6000E-06,-19.2638785E-03,-7.8894757E-03
+270.0000E-06,-99.6658877E-03,+32.3115289E-03
+270.4000E-06,-19.2638785E-03,-7.8894757E-03
+270.8000E-06,-19.2638785E-03,-7.8894757E-03
+271.2000E-06,-19.2638785E-03,-7.8894757E-03
+271.6000E-06,-19.2638785E-03,-7.8894757E-03
+272.0000E-06,-19.2638785E-03,-7.8894757E-03
+272.4000E-06,-19.2638785E-03,-5.3769129E-03
+272.8000E-06,+30.9873773E-03,-7.8894757E-03
+273.2000E-06,-19.2638785E-03,-33.0151035E-03
+273.6000E-06,+56.1130052E-03,-5.3769129E-03
+274.0000E-06,-19.2638785E-03,-7.8894757E-03
+274.4000E-06,+61.1381307E-03,-7.8894757E-03
+274.8000E-06,+61.1381307E-03,-7.8894757E-03
+275.2000E-06,-19.2638785E-03,+7.1859010E-03
+275.6000E-06,-19.2638785E-03,-7.8894757E-03
+276.0000E-06,-19.2638785E-03,-7.8894757E-03
+276.4000E-06,+30.9873773E-03,-7.8894757E-03
+276.8000E-06,+30.9873773E-03,-7.8894757E-03
+277.2000E-06,-19.2638785E-03,-7.8894757E-03
+277.6000E-06,-19.2638785E-03,-7.8894757E-03
+278.0000E-06,-19.2638785E-03,-48.0904803E-03
+278.4000E-06,-19.2638785E-03,-7.8894757E-03
+278.8000E-06,+30.9873773E-03,+7.1859010E-03
+279.2000E-06,-19.2638785E-03,+7.1859010E-03
+279.6000E-06,-19.2638785E-03,-7.8894757E-03
+280.0000E-06,-19.2638785E-03,+19.7487150E-03
+280.4000E-06,-19.2638785E-03,-7.8894757E-03
+280.8000E-06,-19.2638785E-03,-7.8894757E-03
+281.2000E-06,+30.9873773E-03,+7.1859010E-03
+281.6000E-06,-19.2638785E-03,-7.8894757E-03
+282.0000E-06,+56.1130052E-03,-7.8894757E-03
+282.4000E-06,-19.2638785E-03,-33.0151035E-03
+282.8000E-06,+5.8617494E-03,-33.0151035E-03
+283.2000E-06,-19.2638785E-03,-5.3769129E-03
+283.6000E-06,-19.2638785E-03,-20.4522896E-03
+284.0000E-06,-19.2638785E-03,-7.8894757E-03
+284.4000E-06,-19.2638785E-03,-48.0904803E-03
+284.8000E-06,+30.9873773E-03,-7.8894757E-03
+285.2000E-06,-19.2638785E-03,+19.7487150E-03
+285.6000E-06,+56.1130052E-03,-7.8894757E-03
+286.0000E-06,-19.2638785E-03,-7.8894757E-03
+286.4000E-06,+30.9873773E-03,-7.8894757E-03
+286.8000E-06,-99.6658877E-03,+32.3115289E-03
+287.2000E-06,-19.2638785E-03,-7.8894757E-03
+287.6000E-06,+30.9873773E-03,+19.7487150E-03
+288.0000E-06,-19.2638785E-03,-7.8894757E-03
+288.4000E-06,-19.2638785E-03,+7.1859010E-03
+288.8000E-06,-19.2638785E-03,-48.0904803E-03
+289.2000E-06,+56.1130052E-03,-7.8894757E-03
+289.6000E-06,-19.2638785E-03,-7.8894757E-03
+290.0000E-06,-19.2638785E-03,+19.7487150E-03
+290.4000E-06,-19.2638785E-03,-7.8894757E-03
+290.8000E-06,-19.2638785E-03,-7.8894757E-03
+291.2000E-06,-19.2638785E-03,-33.0151035E-03
+291.6000E-06,+56.1130052E-03,-5.3769129E-03
+292.0000E-06,-19.2638785E-03,-7.8894757E-03
+292.4000E-06,+5.8617494E-03,+19.7487150E-03
+292.8000E-06,+56.1130052E-03,+32.3115289E-03
+293.2000E-06,-19.2638785E-03,+7.1859010E-03
+293.6000E-06,+5.8617494E-03,-20.4522896E-03
+294.0000E-06,-19.2638785E-03,-48.0904803E-03
+294.4000E-06,+30.9873773E-03,-7.8894757E-03
+294.8000E-06,-19.2638785E-03,-7.8894757E-03
+295.2000E-06,-19.2638785E-03,-5.3769129E-03
+295.6000E-06,-19.2638785E-03,+19.7487150E-03
+296.0000E-06,+5.8617494E-03,-7.8894757E-03
+296.4000E-06,+56.1130052E-03,-7.8894757E-03
+296.8000E-06,+5.8617494E-03,-7.8894757E-03
+297.2000E-06,+5.8617494E-03,+32.3115289E-03
+297.6000E-06,-19.2638785E-03,-7.8894757E-03
+298.0000E-06,-19.2638785E-03,+7.1859010E-03
+298.4000E-06,+5.8617494E-03,-7.8894757E-03
+298.8000E-06,-19.2638785E-03,-7.8894757E-03
+299.2000E-06,+30.9873773E-03,-7.8894757E-03
+299.6000E-06,+5.8617494E-03,-7.8894757E-03
+300.0000E-06,+136.5150143E-03,-7.8894757E-03
+300.4000E-06,-19.2638785E-03,+7.1859010E-03
+300.8000E-06,-19.2638785E-03,-33.0151035E-03
+301.2000E-06,-19.2638785E-03,-7.8894757E-03
+301.6000E-06,-19.2638785E-03,+19.7487150E-03
+302.0000E-06,-49.4146319E-03,-7.8894757E-03
+302.4000E-06,-99.6658877E-03,-45.5779175E-03
+302.8000E-06,-19.2638785E-03,+19.7487150E-03
+303.2000E-06,-19.2638785E-03,-7.8894757E-03
+303.6000E-06,-19.2638785E-03,-7.8894757E-03
+304.0000E-06,-19.2638785E-03,+32.3115289E-03
+304.4000E-06,-19.2638785E-03,-7.8894757E-03
+304.8000E-06,-19.2638785E-03,-7.8894757E-03
+305.2000E-06,+5.8617494E-03,-7.8894757E-03
+305.6000E-06,+86.2637586E-03,-7.8894757E-03
+306.0000E-06,+56.1130052E-03,-7.8894757E-03
+306.4000E-06,-19.2638785E-03,+32.3115289E-03
+306.8000E-06,+5.8617494E-03,-7.8894757E-03
+307.2000E-06,-19.2638785E-03,-5.3769129E-03
+307.6000E-06,-19.2638785E-03,-7.8894757E-03
+308.0000E-06,+5.8617494E-03,+19.7487150E-03
+308.4000E-06,+56.1130052E-03,-7.8894757E-03
+308.8000E-06,-19.2638785E-03,-7.8894757E-03
+309.2000E-06,-19.2638785E-03,-7.8894757E-03
+309.6000E-06,-19.2638785E-03,-7.8894757E-03
+310.0000E-06,-74.5402598E-03,-7.8894757E-03
+310.4000E-06,-19.2638785E-03,-7.8894757E-03
+310.8000E-06,-19.2638785E-03,-7.8894757E-03
+311.2000E-06,-19.2638785E-03,-33.0151035E-03
+311.6000E-06,-49.4146319E-03,-7.8894757E-03
+312.0000E-06,-19.2638785E-03,-7.8894757E-03
+312.4000E-06,-19.2638785E-03,+7.1859010E-03
+312.8000E-06,-19.2638785E-03,-7.8894757E-03
+313.2000E-06,-19.2638785E-03,-7.8894757E-03
+313.6000E-06,-74.5402598E-03,-7.8894757E-03
+314.0000E-06,-19.2638785E-03,-7.8894757E-03
+314.4000E-06,-19.2638785E-03,-5.3769129E-03
+314.8000E-06,+5.8617494E-03,+19.7487150E-03
+315.2000E-06,-19.2638785E-03,+32.3115289E-03
+315.6000E-06,-19.2638785E-03,-7.8894757E-03
+316.0000E-06,+5.8617494E-03,+19.7487150E-03
+316.4000E-06,-19.2638785E-03,-7.8894757E-03
+316.8000E-06,+56.1130052E-03,-5.3769129E-03
+317.2000E-06,-19.2638785E-03,+7.1859010E-03
+317.6000E-06,+5.8617494E-03,-7.8894757E-03
+318.0000E-06,-19.2638785E-03,-7.8894757E-03
+318.4000E-06,-74.5402598E-03,-7.8894757E-03
+318.8000E-06,+30.9873773E-03,-7.8894757E-03
+319.2000E-06,-19.2638785E-03,+32.3115289E-03
+319.6000E-06,-19.2638785E-03,-7.8894757E-03
+320.0000E-06,+30.9873773E-03,-7.8894757E-03
+320.4000E-06,-24.2890040E-03,-7.8894757E-03
+320.8000E-06,+5.8617494E-03,-7.8894757E-03
+321.2000E-06,+30.9873773E-03,-7.8894757E-03
+321.6000E-06,-19.2638785E-03,-5.3769129E-03
+322.0000E-06,-49.4146319E-03,-7.8894757E-03
+322.4000E-06,+5.8617494E-03,+19.7487150E-03
+322.8000E-06,-24.2890040E-03,-7.8894757E-03
+323.2000E-06,+30.9873773E-03,-7.8894757E-03
+323.6000E-06,-19.2638785E-03,+7.1859010E-03
+324.0000E-06,-19.2638785E-03,+32.3115289E-03
+324.4000E-06,-74.5402598E-03,-7.8894757E-03
+324.8000E-06,+30.9873773E-03,-7.8894757E-03
+325.2000E-06,-19.2638785E-03,-45.5779175E-03
+325.6000E-06,+5.8617494E-03,-7.8894757E-03
+326.0000E-06,-19.2638785E-03,-7.8894757E-03
+326.4000E-06,-19.2638785E-03,-45.5779175E-03
+326.8000E-06,-19.2638785E-03,+7.1859010E-03
+327.2000E-06,+5.8617494E-03,-7.8894757E-03
+327.6000E-06,-19.2638785E-03,-5.3769129E-03
+328.0000E-06,+5.8617494E-03,-7.8894757E-03
+328.4000E-06,+5.8617494E-03,-7.8894757E-03
+328.8000E-06,-24.2890040E-03,+32.3115289E-03
+329.2000E-06,-19.2638785E-03,+7.1859010E-03
+329.6000E-06,+61.1381307E-03,+7.1859010E-03
+330.0000E-06,-19.2638785E-03,-7.8894757E-03
+330.4000E-06,+5.8617494E-03,-7.8894757E-03
+330.8000E-06,-74.5402598E-03,-33.0151035E-03
+331.2000E-06,-19.2638785E-03,-7.8894757E-03
+331.6000E-06,-19.2638785E-03,+7.1859010E-03
+332.0000E-06,-19.2638785E-03,-7.8894757E-03
+332.4000E-06,-19.2638785E-03,-5.3769129E-03
+332.8000E-06,-99.6658877E-03,+47.3869056E-03
+333.2000E-06,-19.2638785E-03,-7.8894757E-03
+333.6000E-06,-19.2638785E-03,-45.5779175E-03
+334.0000E-06,+5.8617494E-03,+19.7487150E-03
+334.4000E-06,+5.8617494E-03,-20.4522896E-03
+334.8000E-06,-19.2638785E-03,-7.8894757E-03
+335.2000E-06,+30.9873773E-03,+19.7487150E-03
+335.6000E-06,-74.5402598E-03,-7.8894757E-03
+336.0000E-06,-19.2638785E-03,-7.8894757E-03
+336.4000E-06,-19.2638785E-03,-20.4522896E-03
+336.8000E-06,+5.8617494E-03,-7.8894757E-03
+337.2000E-06,-19.2638785E-03,-7.8894757E-03
+337.6000E-06,+30.9873773E-03,+19.7487150E-03
+338.0000E-06,-19.2638785E-03,+7.1859010E-03
+338.4000E-06,-19.2638785E-03,-45.5779175E-03
+338.8000E-06,-19.2638785E-03,-7.8894757E-03
+339.2000E-06,+30.9873773E-03,-7.8894757E-03
+339.6000E-06,-24.2890040E-03,-7.8894757E-03
+340.0000E-06,+61.1381307E-03,-7.8894757E-03
+340.4000E-06,+30.9873773E-03,+19.7487150E-03
+340.8000E-06,-19.2638785E-03,-5.3769129E-03
+341.2000E-06,-19.2638785E-03,-33.0151035E-03
+341.6000E-06,-19.2638785E-03,-7.8894757E-03
+342.0000E-06,-19.2638785E-03,-7.8894757E-03
+342.4000E-06,-19.2638785E-03,-20.4522896E-03
+342.8000E-06,-19.2638785E-03,-7.8894757E-03
+343.2000E-06,-19.2638785E-03,-7.8894757E-03
+343.6000E-06,+30.9873773E-03,-20.4522896E-03
+344.0000E-06,-19.2638785E-03,-7.8894757E-03
+344.4000E-06,-19.2638785E-03,+32.3115289E-03
+344.8000E-06,-19.2638785E-03,-7.8894757E-03
+345.2000E-06,-19.2638785E-03,+19.7487150E-03
+345.6000E-06,+56.1130052E-03,-5.3769129E-03
+346.0000E-06,-19.2638785E-03,+7.1859010E-03
+346.4000E-06,-19.2638785E-03,-20.4522896E-03
+346.8000E-06,-19.2638785E-03,+32.3115289E-03
+347.2000E-06,-19.2638785E-03,-33.0151035E-03
+347.6000E-06,-19.2638785E-03,-7.8894757E-03
+348.0000E-06,+56.1130052E-03,+32.3115289E-03
+348.4000E-06,-19.2638785E-03,+7.1859010E-03
+348.8000E-06,-49.4146319E-03,+7.1859010E-03
+349.2000E-06,-19.2638785E-03,-7.8894757E-03
+349.6000E-06,-19.2638785E-03,+19.7487150E-03
+350.0000E-06,+61.1381307E-03,-33.0151035E-03
+350.4000E-06,-19.2638785E-03,-7.8894757E-03
+350.8000E-06,-49.4146319E-03,-33.0151035E-03
+351.2000E-06,-19.2638785E-03,-33.0151035E-03
+351.6000E-06,-19.2638785E-03,-7.8894757E-03
+352.0000E-06,-19.2638785E-03,-7.8894757E-03
+352.4000E-06,-19.2638785E-03,+19.7487150E-03
+352.8000E-06,-19.2638785E-03,+32.3115289E-03
+353.2000E-06,-19.2638785E-03,-7.8894757E-03
+353.6000E-06,-19.2638785E-03,+7.1859010E-03
+354.0000E-06,-19.2638785E-03,-45.5779175E-03
+354.4000E-06,+30.9873773E-03,-7.8894757E-03
+354.8000E-06,-19.2638785E-03,-7.8894757E-03
+355.2000E-06,-19.2638785E-03,-7.8894757E-03
+355.6000E-06,+61.1381307E-03,-7.8894757E-03
+356.0000E-06,+5.8617494E-03,-7.8894757E-03
+356.4000E-06,-19.2638785E-03,-7.8894757E-03
+356.8000E-06,+5.8617494E-03,+19.7487150E-03
+357.2000E-06,-74.5402598E-03,-7.8894757E-03
+357.6000E-06,-19.2638785E-03,-7.8894757E-03
+358.0000E-06,-49.4146319E-03,-20.4522896E-03
+358.4000E-06,+30.9873773E-03,-7.8894757E-03
+358.8000E-06,-99.6658877E-03,+72.5125335E-03
+359.2000E-06,+5.8617494E-03,-7.8894757E-03
+359.6000E-06,-19.2638785E-03,-48.0904803E-03
+360.0000E-06,-19.2638785E-03,-48.0904803E-03
+360.4000E-06,-19.2638785E-03,-7.8894757E-03
+360.8000E-06,-19.2638785E-03,+19.7487150E-03
+361.2000E-06,-19.2638785E-03,+32.3115289E-03
+361.6000E-06,-19.2638785E-03,-33.0151035E-03
+362.0000E-06,-19.2638785E-03,-7.8894757E-03
+362.4000E-06,-19.2638785E-03,+32.3115289E-03
+362.8000E-06,-19.2638785E-03,-7.8894757E-03
+363.2000E-06,-19.2638785E-03,-7.8894757E-03
+363.6000E-06,-19.2638785E-03,-7.8894757E-03
+364.0000E-06,+61.1381307E-03,-33.0151035E-03
+364.4000E-06,+61.1381307E-03,-7.8894757E-03
+364.8000E-06,-19.2638785E-03,-7.8894757E-03
+365.2000E-06,-19.2638785E-03,-7.8894757E-03
+365.6000E-06,-19.2638785E-03,-7.8894757E-03
+366.0000E-06,-19.2638785E-03,-7.8894757E-03
+366.4000E-06,-19.2638785E-03,-33.0151035E-03
+366.8000E-06,-19.2638785E-03,+19.7487150E-03
+367.2000E-06,-19.2638785E-03,-7.8894757E-03
+367.6000E-06,+61.1381307E-03,+7.1859010E-03
+368.0000E-06,+30.9873773E-03,-7.8894757E-03
+368.4000E-06,-19.2638785E-03,+32.3115289E-03
+368.8000E-06,-19.2638785E-03,+7.1859010E-03
+369.2000E-06,-19.2638785E-03,-33.0151035E-03
+369.6000E-06,-19.2638785E-03,-45.5779175E-03
+370.0000E-06,-19.2638785E-03,-7.8894757E-03
+370.4000E-06,+61.1381307E-03,-33.0151035E-03
+370.8000E-06,-19.2638785E-03,-7.8894757E-03
+371.2000E-06,-19.2638785E-03,-33.0151035E-03
+371.6000E-06,+5.8617494E-03,+19.7487150E-03
+372.0000E-06,-19.2638785E-03,-7.8894757E-03
+372.4000E-06,-19.2638785E-03,-7.8894757E-03
+372.8000E-06,-19.2638785E-03,-7.8894757E-03
+373.2000E-06,-19.2638785E-03,+32.3115289E-03
+373.6000E-06,+5.8617494E-03,+19.7487150E-03
+374.0000E-06,+30.9873773E-03,-7.8894757E-03
+374.4000E-06,-19.2638785E-03,-7.8894757E-03
+374.8000E-06,-19.2638785E-03,-7.8894757E-03
+375.2000E-06,+5.8617494E-03,-7.8894757E-03
+375.6000E-06,-19.2638785E-03,-7.8894757E-03
+376.0000E-06,+61.1381307E-03,+32.3115289E-03
+376.4000E-06,-19.2638785E-03,-33.0151035E-03
+376.8000E-06,-19.2638785E-03,-5.3769129E-03
+377.2000E-06,+30.9873773E-03,-20.4522896E-03
+377.6000E-06,+61.1381307E-03,+7.1859010E-03
+378.0000E-06,+56.1130052E-03,-7.8894757E-03
+378.4000E-06,-19.2638785E-03,+19.7487150E-03
+378.8000E-06,+5.8617494E-03,+19.7487150E-03
+379.2000E-06,-19.2638785E-03,+32.3115289E-03
+379.6000E-06,-19.2638785E-03,-7.8894757E-03
+380.0000E-06,-19.2638785E-03,-33.0151035E-03
+380.4000E-06,-19.2638785E-03,-45.5779175E-03
+380.8000E-06,-19.2638785E-03,+32.3115289E-03
+381.2000E-06,-19.2638785E-03,+32.3115289E-03
+381.6000E-06,-19.2638785E-03,-7.8894757E-03
+382.0000E-06,+30.9873773E-03,-7.8894757E-03
+382.4000E-06,+30.9873773E-03,+7.1859010E-03
+382.8000E-06,-19.2638785E-03,+32.3115289E-03
+383.2000E-06,-19.2638785E-03,-7.8894757E-03
+383.6000E-06,+30.9873773E-03,-7.8894757E-03
+384.0000E-06,-19.2638785E-03,+32.3115289E-03
+384.4000E-06,+5.8617494E-03,+7.1859010E-03
+384.8000E-06,-49.4146319E-03,-7.8894757E-03
+385.2000E-06,-19.2638785E-03,-7.8894757E-03
+385.6000E-06,+30.9873773E-03,+19.7487150E-03
+386.0000E-06,-19.2638785E-03,-7.8894757E-03
+386.4000E-06,-19.2638785E-03,-7.8894757E-03
+386.8000E-06,-19.2638785E-03,-20.4522896E-03
+387.2000E-06,-19.2638785E-03,-7.8894757E-03
+387.6000E-06,-19.2638785E-03,-7.8894757E-03
+388.0000E-06,-19.2638785E-03,-7.8894757E-03
+388.4000E-06,+5.8617494E-03,-7.8894757E-03
+388.8000E-06,-19.2638785E-03,-7.8894757E-03
+389.2000E-06,+5.8617494E-03,-20.4522896E-03
+389.6000E-06,-19.2638785E-03,-20.4522896E-03
+390.0000E-06,-19.2638785E-03,-7.8894757E-03
+390.4000E-06,-19.2638785E-03,+32.3115289E-03
+390.8000E-06,+5.8617494E-03,-7.8894757E-03
+391.2000E-06,+56.1130052E-03,-7.8894757E-03
+391.6000E-06,+5.8617494E-03,-20.4522896E-03
+392.0000E-06,-19.2638785E-03,-7.8894757E-03
+392.4000E-06,-19.2638785E-03,-7.8894757E-03
+392.8000E-06,-19.2638785E-03,-7.8894757E-03
+393.2000E-06,-19.2638785E-03,-7.8894757E-03
+393.6000E-06,-19.2638785E-03,-5.3769129E-03
+394.0000E-06,-19.2638785E-03,+7.1859010E-03
+394.4000E-06,-19.2638785E-03,-33.0151035E-03
+394.8000E-06,-19.2638785E-03,-7.8894757E-03
+395.2000E-06,+30.9873773E-03,-7.8894757E-03
+395.6000E-06,-19.2638785E-03,-20.4522896E-03
+396.0000E-06,-19.2638785E-03,+32.3115289E-03
+396.4000E-06,-19.2638785E-03,+7.1859010E-03
+396.8000E-06,-19.2638785E-03,+19.7487150E-03
+397.2000E-06,-19.2638785E-03,-7.8894757E-03
+397.6000E-06,+61.1381307E-03,-7.8894757E-03
+398.0000E-06,-19.2638785E-03,-20.4522896E-03
+398.4000E-06,-19.2638785E-03,-5.3769129E-03
+398.8000E-06,-19.2638785E-03,+7.1859010E-03
+399.2000E-06,-19.2638785E-03,+7.1859010E-03
+399.6000E-06,-19.2638785E-03,-7.8894757E-03
+400.0000E-06,+30.9873773E-03,-7.8894757E-03
+400.4000E-06,+30.9873773E-03,-20.4522896E-03
+400.8000E-06,-19.2638785E-03,-7.8894757E-03
+401.2000E-06,-74.5402598E-03,-7.8894757E-03
+401.6000E-06,+5.8617494E-03,-7.8894757E-03
+402.0000E-06,-19.2638785E-03,+32.3115289E-03
+402.4000E-06,-19.2638785E-03,+32.3115289E-03
+402.8000E-06,-19.2638785E-03,-7.8894757E-03
+403.2000E-06,+56.1130052E-03,-5.3769129E-03
+403.6000E-06,-19.2638785E-03,+32.3115289E-03
+404.0000E-06,-19.2638785E-03,-20.4522896E-03
+404.4000E-06,-19.2638785E-03,-7.8894757E-03
+404.8000E-06,+30.9873773E-03,-7.8894757E-03
+405.2000E-06,+61.1381307E-03,+7.1859010E-03
+405.6000E-06,-19.2638785E-03,-7.8894757E-03
+406.0000E-06,+61.1381307E-03,+32.3115289E-03
+406.4000E-06,+623.9521950E-03,-33.0151035E-03
+406.8000E-06,+1.2671682686E+00,-5.3769129E-03
+407.2000E-06,+1.8802335886E+00,-7.8894757E-03
+407.6000E-06,+2.5536004156E+00,-7.8894757E-03
+408.0000E-06,+3.1164144799E+00,+3.3689949103E+00
+408.4000E-06,+3.7043541721E+00,+3.3689949103E+00
+408.8000E-06,+4.2420426086E+00,+3.3689949103E+00
+409.2000E-06,+4.8048566729E+00,+3.3313064685E+00
+409.6000E-06,+4.9907863191E+00,+3.3564320963E+00
+410.0000E-06,+4.9907863191E+00,+3.3564320963E+00
+410.4000E-06,+5.0460627005E+00,+3.3287939057E+00
+410.8000E-06,+5.0159119470E+00,+3.3564320963E+00
+411.2000E-06,+4.9907863191E+00,+3.3564320963E+00
+411.6000E-06,+5.0410375749E+00,+3.3689949103E+00
+412.0000E-06,+5.0460627005E+00,+3.3438692824E+00
+412.4000E-06,+5.0460627005E+00,+3.3287939057E+00
+412.8000E-06,+4.9656606913E+00,+3.3689949103E+00
+413.2000E-06,+5.0159119470E+00,+3.3438692824E+00
+413.6000E-06,+4.9907863191E+00,+3.3689949103E+00
+414.0000E-06,+5.0460627005E+00,+3.3689949103E+00
+414.4000E-06,+5.0460627005E+00,+3.3564320963E+00
+414.8000E-06,+5.0460627005E+00,+3.3689949103E+00
+415.2000E-06,+5.0460627005E+00,+3.3689949103E+00
+415.6000E-06,+5.0711883283E+00,+3.3689949103E+00
+416.0000E-06,+5.0460627005E+00,+3.3689949103E+00
+416.4000E-06,+5.0460627005E+00,+3.3689949103E+00
+416.8000E-06,+5.0460627005E+00,+3.3689949103E+00
+417.2000E-06,+5.0460627005E+00,+3.3564320963E+00
+417.6000E-06,+5.1214395841E+00,+3.3689949103E+00
+418.0000E-06,+5.0460627005E+00,+3.3689949103E+00
+418.4000E-06,+5.0711883283E+00,+3.3564320963E+00
+418.8000E-06,+4.9656606913E+00,+3.4091959149E+00
+419.2000E-06,+5.0460627005E+00,+3.3689949103E+00
+419.6000E-06,+5.0460627005E+00,+3.3689949103E+00
+420.0000E-06,+5.0460627005E+00,+3.3689949103E+00
+420.4000E-06,+5.0460627005E+00,+3.3840702870E+00
+420.8000E-06,+5.0460627005E+00,+3.3840702870E+00
+421.2000E-06,+5.0460627005E+00,+3.3689949103E+00
+421.6000E-06,+5.0460627005E+00,+3.3689949103E+00
+422.0000E-06,+5.0460627005E+00,+3.3966331009E+00
+422.4000E-06,+4.9656606913E+00,+3.3689949103E+00
+422.8000E-06,+5.0460627005E+00,+3.3564320963E+00
+423.2000E-06,+5.0159119470E+00,+3.3689949103E+00
+423.6000E-06,+5.0460627005E+00,+3.3689949103E+00
+424.0000E-06,+5.0460627005E+00,+3.3689949103E+00
+424.4000E-06,+5.0460627005E+00,+3.3689949103E+00
+424.8000E-06,+5.0460627005E+00,+3.3689949103E+00
+425.2000E-06,+5.0460627005E+00,+3.3840702870E+00
+425.6000E-06,+5.0159119470E+00,+3.3689949103E+00
+426.0000E-06,+5.0460627005E+00,+3.4091959149E+00
+426.4000E-06,+5.0460627005E+00,+3.3689949103E+00
+426.8000E-06,+5.0460627005E+00,+3.3840702870E+00
+427.2000E-06,+5.0460627005E+00,+3.3689949103E+00
+427.6000E-06,+5.0460627005E+00,+3.3840702870E+00
+428.0000E-06,+5.0460627005E+00,+3.3840702870E+00
+428.4000E-06,+4.9656606913E+00,+3.3715074731E+00
+428.8000E-06,+4.9656606913E+00,+3.3689949103E+00
+429.2000E-06,+5.0460627005E+00,+3.3564320963E+00
+429.6000E-06,+5.0410375749E+00,+3.3689949103E+00
+430.0000E-06,+5.0460627005E+00,+3.3689949103E+00
+430.4000E-06,+5.0460627005E+00,+3.3689949103E+00
+430.8000E-06,+5.0410375749E+00,+3.3689949103E+00
+431.2000E-06,+5.0460627005E+00,+3.3438692824E+00
+431.6000E-06,+5.0460627005E+00,+3.3966331009E+00
+432.0000E-06,+5.0460627005E+00,+3.3689949103E+00
+432.4000E-06,+4.9355099378E+00,+3.3564320963E+00
+432.8000E-06,+5.0460627005E+00,+3.3966331009E+00
+433.2000E-06,+5.0460627005E+00,+3.3689949103E+00
+433.6000E-06,+5.0963139562E+00,+3.3689949103E+00
+434.0000E-06,+5.0159119470E+00,+3.3689949103E+00
+434.4000E-06,+5.1214395841E+00,+3.3313064685E+00
+434.8000E-06,+5.0711883283E+00,+3.3840702870E+00
+435.2000E-06,+5.0460627005E+00,+3.3689949103E+00
+435.6000E-06,+5.0460627005E+00,+3.3689949103E+00
+436.0000E-06,+5.0963139562E+00,+3.3689949103E+00
+436.4000E-06,+5.0460627005E+00,+3.3438692824E+00
+436.8000E-06,+4.8852586821E+00,+3.3689949103E+00
+437.2000E-06,+5.0460627005E+00,+3.3564320963E+00
+437.6000E-06,+5.0460627005E+00,+3.3564320963E+00
+438.0000E-06,+5.0460627005E+00,+3.3715074731E+00
+438.4000E-06,+5.0460627005E+00,+3.3564320963E+00
+438.8000E-06,+5.0460627005E+00,+3.3564320963E+00
+439.2000E-06,+5.0460627005E+00,+3.3689949103E+00
+439.6000E-06,+5.0460627005E+00,+3.4091959149E+00
+440.0000E-06,+5.0159119470E+00,+3.3564320963E+00
+440.4000E-06,+5.0460627005E+00,+3.3689949103E+00
+440.8000E-06,+5.0460627005E+00,+3.3966331009E+00
+441.2000E-06,+5.0460627005E+00,+3.3689949103E+00
+441.6000E-06,+5.0460627005E+00,+3.3715074731E+00
+442.0000E-06,+5.0711883283E+00,+3.3689949103E+00
+442.4000E-06,+5.0460627005E+00,+3.3564320963E+00
+442.8000E-06,+4.9656606913E+00,+3.3313064685E+00
+443.2000E-06,+5.0460627005E+00,+3.3689949103E+00
+443.6000E-06,+4.9907863191E+00,+3.3689949103E+00
+444.0000E-06,+5.0460627005E+00,+3.3689949103E+00
+444.4000E-06,+4.9907863191E+00,+3.3689949103E+00
+444.8000E-06,+5.0460627005E+00,+3.3689949103E+00
+445.2000E-06,+5.0460627005E+00,+3.3689949103E+00
+445.6000E-06,+5.0159119470E+00,+3.3840702870E+00
+446.0000E-06,+5.0460627005E+00,+3.3689949103E+00
+446.4000E-06,+5.0460627005E+00,+3.3689949103E+00
+446.8000E-06,+5.0159119470E+00,+3.3689949103E+00
+447.2000E-06,+5.0460627005E+00,+3.3689949103E+00
+447.6000E-06,+5.0410375749E+00,+3.3689949103E+00
+448.0000E-06,+5.0460627005E+00,+3.3689949103E+00
+448.4000E-06,+5.0460627005E+00,+3.3689949103E+00
+448.8000E-06,+5.0460627005E+00,+3.3313064685E+00
+449.2000E-06,+5.0963139562E+00,+3.3689949103E+00
+449.6000E-06,+5.0460627005E+00,+3.3689949103E+00
+450.0000E-06,+5.0460627005E+00,+3.3689949103E+00
+450.4000E-06,+5.0460627005E+00,+3.3689949103E+00
+450.8000E-06,+5.0460627005E+00,+3.3564320963E+00
+451.2000E-06,+5.1214395841E+00,+3.3313064685E+00
+451.6000E-06,+5.0460627005E+00,+3.3287939057E+00
+452.0000E-06,+5.0460627005E+00,+3.3689949103E+00
+452.4000E-06,+5.0410375749E+00,+3.3313064685E+00
+452.8000E-06,+5.0460627005E+00,+3.4091959149E+00
+453.2000E-06,+5.0460627005E+00,+3.3689949103E+00
+453.6000E-06,+5.0460627005E+00,+3.3313064685E+00
+454.0000E-06,+5.0460627005E+00,+3.3689949103E+00
+454.4000E-06,+4.9907863191E+00,+3.3689949103E+00
+454.8000E-06,+5.0460627005E+00,+3.3689949103E+00
+455.2000E-06,+5.0711883283E+00,+3.3438692824E+00
+455.6000E-06,+5.0460627005E+00,+3.3564320963E+00
+456.0000E-06,+5.0460627005E+00,+3.4091959149E+00
+456.4000E-06,+5.0460627005E+00,+3.3564320963E+00
+456.8000E-06,+5.0460627005E+00,+3.3564320963E+00
+457.2000E-06,+5.0460627005E+00,+3.3689949103E+00
+457.6000E-06,+5.0460627005E+00,+3.3966331009E+00
+458.0000E-06,+5.0460627005E+00,+3.3287939057E+00
+458.4000E-06,+5.0460627005E+00,+3.3715074731E+00
+458.8000E-06,+5.0460627005E+00,+3.3564320963E+00
+459.2000E-06,+5.0460627005E+00,+3.3689949103E+00
+459.6000E-06,+5.0460627005E+00,+3.3689949103E+00
+460.0000E-06,+5.0711883283E+00,+3.3438692824E+00
+460.4000E-06,+5.0711883283E+00,+3.3689949103E+00
+460.8000E-06,+5.0460627005E+00,+3.4091959149E+00
+461.2000E-06,+5.0460627005E+00,+3.3564320963E+00
+461.6000E-06,+5.0460627005E+00,+3.3287939057E+00
+462.0000E-06,+5.1214395841E+00,+3.4091959149E+00
+462.4000E-06,+5.0159119470E+00,+3.3840702870E+00
+462.8000E-06,+4.9103843099E+00,+3.3689949103E+00
+463.2000E-06,+5.0460627005E+00,+3.4091959149E+00
+463.6000E-06,+4.9656606913E+00,+3.3689949103E+00
+464.0000E-06,+5.0460627005E+00,+3.3564320963E+00
+464.4000E-06,+5.0410375749E+00,+3.3313064685E+00
+464.8000E-06,+5.0460627005E+00,+3.3438692824E+00
+465.2000E-06,+5.0711883283E+00,+3.3564320963E+00
+465.6000E-06,+5.0460627005E+00,+3.3689949103E+00
+466.0000E-06,+5.0159119470E+00,+3.3438692824E+00
+466.4000E-06,+5.0460627005E+00,+3.3438692824E+00
+466.8000E-06,+4.9656606913E+00,+3.3313064685E+00
+467.2000E-06,+4.9656606913E+00,+3.3689949103E+00
+467.6000E-06,+5.0460627005E+00,+3.3689949103E+00
+468.0000E-06,+5.0460627005E+00,+3.3689949103E+00
+468.4000E-06,+5.0460627005E+00,+3.3689949103E+00
+468.8000E-06,+5.0460627005E+00,+3.3564320963E+00
+469.2000E-06,+5.1214395841E+00,+3.3689949103E+00
+469.6000E-06,+5.0159119470E+00,+3.3689949103E+00
+470.0000E-06,+5.0460627005E+00,+3.3966331009E+00
+470.4000E-06,+5.0460627005E+00,+3.3689949103E+00
+470.8000E-06,+5.0159119470E+00,+3.3287939057E+00
+471.2000E-06,+4.9907863191E+00,+3.3564320963E+00
+471.6000E-06,+5.0460627005E+00,+3.3689949103E+00
+472.0000E-06,+5.0460627005E+00,+3.3438692824E+00
+472.4000E-06,+4.9907863191E+00,+3.3689949103E+00
+472.8000E-06,+5.0410375749E+00,+3.3313064685E+00
+473.2000E-06,+5.0159119470E+00,+3.3689949103E+00
+473.6000E-06,+5.0460627005E+00,+3.3689949103E+00
+474.0000E-06,+5.0460627005E+00,+3.3689949103E+00
+474.4000E-06,+4.9907863191E+00,+3.3564320963E+00
+474.8000E-06,+5.0711883283E+00,+3.3287939057E+00
+475.2000E-06,+5.0460627005E+00,+3.3313064685E+00
+475.6000E-06,+5.0460627005E+00,+3.3438692824E+00
+476.0000E-06,+5.0460627005E+00,+3.3689949103E+00
+476.4000E-06,+5.0460627005E+00,+3.3689949103E+00
+476.8000E-06,+5.0159119470E+00,+3.3287939057E+00
+477.2000E-06,+5.0460627005E+00,+3.3162310917E+00
+477.6000E-06,+5.0460627005E+00,+3.3313064685E+00
+478.0000E-06,+5.0460627005E+00,+3.3689949103E+00
+478.4000E-06,+5.0711883283E+00,+3.3564320963E+00
+478.8000E-06,+5.0460627005E+00,+3.3689949103E+00
+479.2000E-06,+5.0159119470E+00,+3.3438692824E+00
+479.6000E-06,+5.0460627005E+00,+3.3689949103E+00
+480.0000E-06,+4.9656606913E+00,+3.4091959149E+00
+480.4000E-06,+5.0711883283E+00,+3.3438692824E+00
+480.8000E-06,+4.9907863191E+00,+3.3438692824E+00
+481.2000E-06,+5.0460627005E+00,+3.4091959149E+00
+481.6000E-06,+5.0460627005E+00,+3.3438692824E+00
+482.0000E-06,+5.0963139562E+00,+3.3564320963E+00
+482.4000E-06,+5.0460627005E+00,+3.3287939057E+00
+482.8000E-06,+4.9907863191E+00,+3.3689949103E+00
+483.2000E-06,+5.0460627005E+00,+3.3689949103E+00
+483.6000E-06,+4.9656606913E+00,+3.3689949103E+00
+484.0000E-06,+5.0460627005E+00,+3.3564320963E+00
+484.4000E-06,+5.0159119470E+00,+3.3438692824E+00
+484.8000E-06,+5.0460627005E+00,+3.3689949103E+00
+485.2000E-06,+5.0460627005E+00,+3.3564320963E+00
+485.6000E-06,+5.0460627005E+00,+3.3689949103E+00
+486.0000E-06,+5.0460627005E+00,+3.3689949103E+00
+486.4000E-06,+5.0460627005E+00,+3.3564320963E+00
+486.8000E-06,+4.9907863191E+00,+3.3438692824E+00
+487.2000E-06,+5.0460627005E+00,+3.3689949103E+00
+487.6000E-06,+5.0460627005E+00,+3.3564320963E+00
+488.0000E-06,+4.9907863191E+00,+3.3689949103E+00
+488.4000E-06,+5.0410375749E+00,+3.3689949103E+00
+488.8000E-06,+4.8299823008E+00,+3.3966331009E+00
+489.2000E-06,+5.0460627005E+00,+3.3287939057E+00
+489.6000E-06,+4.9656606913E+00,+3.3287939057E+00
+490.0000E-06,+4.9656606913E+00,+3.3564320963E+00
+490.4000E-06,+4.9907863191E+00,+3.3287939057E+00
+490.8000E-06,+5.0460627005E+00,+3.3313064685E+00
+491.2000E-06,+5.0460627005E+00,+3.3564320963E+00
+491.6000E-06,+5.0460627005E+00,+3.3438692824E+00
+492.0000E-06,+5.0460627005E+00,+3.3689949103E+00
+492.4000E-06,+5.0460627005E+00,+3.3438692824E+00
+492.8000E-06,+5.0460627005E+00,+3.3840702870E+00
+493.2000E-06,+5.0460627005E+00,+3.3715074731E+00
+493.6000E-06,+5.0159119470E+00,+3.3840702870E+00
+494.0000E-06,+5.0460627005E+00,+3.3564320963E+00
+494.4000E-06,+5.0460627005E+00,+3.3689949103E+00
+494.8000E-06,+5.0460627005E+00,+3.3564320963E+00
+495.2000E-06,+5.0460627005E+00,+3.3287939057E+00
+495.6000E-06,+4.9656606913E+00,+3.3689949103E+00
+496.0000E-06,+4.9907863191E+00,+3.3287939057E+00
+496.4000E-06,+5.0460627005E+00,+3.3564320963E+00
+496.8000E-06,+5.0460627005E+00,+3.3689949103E+00
+497.2000E-06,+5.0460627005E+00,+3.3689949103E+00
+497.6000E-06,+5.0460627005E+00,+3.3438692824E+00
+498.0000E-06,+5.0460627005E+00,+3.3689949103E+00
+498.4000E-06,+5.0460627005E+00,+3.3689949103E+00
+498.8000E-06,+4.9907863191E+00,+3.3689949103E+00
+499.2000E-06,+5.0460627005E+00,+3.3287939057E+00
+499.6000E-06,+5.0460627005E+00,+3.3840702870E+00
+500.0000E-06,+4.9656606913E+00,+3.3840702870E+00
+500.4000E-06,+5.0460627005E+00,+3.3689949103E+00
+500.8000E-06,+5.0460627005E+00,+3.3840702870E+00
+501.2000E-06,+5.0460627005E+00,+3.3564320963E+00
+501.6000E-06,+4.9656606913E+00,+3.3689949103E+00
+502.0000E-06,+4.9907863191E+00,+3.3689949103E+00
+502.4000E-06,+5.0460627005E+00,+3.3966331009E+00
+502.8000E-06,+4.9656606913E+00,+3.3689949103E+00
+503.2000E-06,+4.9907863191E+00,+3.3689949103E+00
+503.6000E-06,+5.0460627005E+00,+3.3438692824E+00
+504.0000E-06,+5.0460627005E+00,+3.3715074731E+00
+504.4000E-06,+5.0460627005E+00,+3.3564320963E+00
+504.8000E-06,+5.0460627005E+00,+3.3287939057E+00
+505.2000E-06,+5.0410375749E+00,+3.4091959149E+00
+505.6000E-06,+5.0460627005E+00,+3.3564320963E+00
+506.0000E-06,+5.0460627005E+00,+3.3689949103E+00
+506.4000E-06,+5.0460627005E+00,+3.3689949103E+00
+506.8000E-06,+4.9907863191E+00,+3.3689949103E+00
+507.2000E-06,+5.0460627005E+00,+3.3564320963E+00
+507.6000E-06,+5.0410375749E+00,+3.3689949103E+00
+508.0000E-06,+5.0460627005E+00,+3.3689949103E+00
+508.4000E-06,+5.0159119470E+00,+3.3689949103E+00
+508.8000E-06,+5.0460627005E+00,+3.4091959149E+00
+509.2000E-06,+5.0460627005E+00,+3.3438692824E+00
+509.6000E-06,+5.0460627005E+00,+3.3438692824E+00
+510.0000E-06,+5.0460627005E+00,+3.3287939057E+00
+510.4000E-06,+5.0159119470E+00,+3.3438692824E+00
+510.8000E-06,+5.0460627005E+00,+3.3689949103E+00
+511.2000E-06,+5.0410375749E+00,+3.3313064685E+00
+511.6000E-06,+4.9907863191E+00,+3.3287939057E+00
+512.0000E-06,+5.0460627005E+00,+3.3438692824E+00
+512.4000E-06,+5.0460627005E+00,+3.3689949103E+00
+512.8000E-06,+5.0711883283E+00,+3.3966331009E+00
+513.2000E-06,+5.0460627005E+00,+3.3564320963E+00
+513.6000E-06,+5.0410375749E+00,+3.4091959149E+00
+514.0000E-06,+5.0460627005E+00,+3.3287939057E+00
+514.4000E-06,+5.0159119470E+00,+3.3564320963E+00
+514.8000E-06,+4.8852586821E+00,+3.4091959149E+00
+515.2000E-06,+5.0460627005E+00,+3.3438692824E+00
+515.6000E-06,+5.0460627005E+00,+3.3438692824E+00
+516.0000E-06,+5.0460627005E+00,+3.3313064685E+00
+516.4000E-06,+5.0460627005E+00,+3.3564320963E+00
+516.8000E-06,+4.9907863191E+00,+3.3689949103E+00
+517.2000E-06,+5.0460627005E+00,+3.3689949103E+00
+517.6000E-06,+4.9907863191E+00,+3.3564320963E+00
+518.0000E-06,+5.0159119470E+00,+3.3966331009E+00
+518.4000E-06,+4.9656606913E+00,+3.3313064685E+00
+518.8000E-06,+4.9656606913E+00,+3.3564320963E+00
+519.2000E-06,+5.0460627005E+00,+3.3689949103E+00
+519.6000E-06,+5.0410375749E+00,+3.3287939057E+00
+520.0000E-06,+5.0460627005E+00,+3.3287939057E+00
+520.4000E-06,+5.0460627005E+00,+3.3840702870E+00
+520.8000E-06,+5.0460627005E+00,+3.3689949103E+00
+521.2000E-06,+5.0460627005E+00,+3.3840702870E+00
+521.6000E-06,+5.0159119470E+00,+3.3689949103E+00
+522.0000E-06,+4.9656606913E+00,+3.4091959149E+00
+522.4000E-06,+5.0460627005E+00,+3.3966331009E+00
+522.8000E-06,+5.0460627005E+00,+3.3438692824E+00
+523.2000E-06,+5.0460627005E+00,+3.3689949103E+00
+523.6000E-06,+5.0460627005E+00,+3.3438692824E+00
+524.0000E-06,+4.9907863191E+00,+3.3313064685E+00
+524.4000E-06,+5.0460627005E+00,+3.3689949103E+00
+524.8000E-06,+4.9907863191E+00,+3.3689949103E+00
+525.2000E-06,+5.0159119470E+00,+3.3438692824E+00
+525.6000E-06,+4.9656606913E+00,+3.3689949103E+00
+526.0000E-06,+5.0159119470E+00,+3.3564320963E+00
+526.4000E-06,+5.0963139562E+00,+3.3287939057E+00
+526.8000E-06,+5.0460627005E+00,+3.3313064685E+00
+527.2000E-06,+5.0159119470E+00,+3.3438692824E+00
+527.6000E-06,+4.9907863191E+00,+3.3689949103E+00
+528.0000E-06,+5.0410375749E+00,+3.3313064685E+00
+528.4000E-06,+5.0460627005E+00,+3.3689949103E+00
+528.8000E-06,+5.0159119470E+00,+3.3287939057E+00
+529.2000E-06,+5.0410375749E+00,+3.3689949103E+00
+529.6000E-06,+5.0159119470E+00,+3.3438692824E+00
+530.0000E-06,+5.0460627005E+00,+3.3287939057E+00
+530.4000E-06,+4.9656606913E+00,+3.3689949103E+00
+530.8000E-06,+5.0460627005E+00,+3.3564320963E+00
+531.2000E-06,+5.0460627005E+00,+3.3438692824E+00
+531.6000E-06,+4.9656606913E+00,+3.4091959149E+00
+532.0000E-06,+4.9907863191E+00,+3.3564320963E+00
+532.4000E-06,+4.9907863191E+00,+3.3287939057E+00
+532.8000E-06,+5.0410375749E+00,+3.3689949103E+00
+533.2000E-06,+5.0159119470E+00,+3.3438692824E+00
+533.6000E-06,+5.0159119470E+00,+3.3438692824E+00
+534.0000E-06,+5.0460627005E+00,+3.3689949103E+00
+534.4000E-06,+5.0460627005E+00,+3.3438692824E+00
+534.8000E-06,+5.0159119470E+00,+3.3689949103E+00
+535.2000E-06,+4.9656606913E+00,+3.3287939057E+00
+535.6000E-06,+5.0460627005E+00,+3.3438692824E+00
+536.0000E-06,+4.9656606913E+00,+3.3438692824E+00
+536.4000E-06,+5.0460627005E+00,+3.3689949103E+00
+536.8000E-06,+4.9907863191E+00,+3.3689949103E+00
+537.2000E-06,+5.0460627005E+00,+3.3689949103E+00
+537.6000E-06,+4.9656606913E+00,+3.3689949103E+00
+538.0000E-06,+5.0963139562E+00,+3.3287939057E+00
+538.4000E-06,+5.0159119470E+00,+3.3438692824E+00
+538.8000E-06,+5.0410375749E+00,+3.3689949103E+00
+539.2000E-06,+5.0159119470E+00,+3.3287939057E+00
+539.6000E-06,+5.0159119470E+00,+3.3689949103E+00
+540.0000E-06,+4.9656606913E+00,+3.3287939057E+00
+540.4000E-06,+5.0460627005E+00,+3.3689949103E+00
+540.8000E-06,+4.9103843099E+00,+3.3840702870E+00
+541.2000E-06,+5.0410375749E+00,+3.3313064685E+00
+541.6000E-06,+4.9907863191E+00,+3.3287939057E+00
+542.0000E-06,+4.9656606913E+00,+3.3162310917E+00
+542.4000E-06,+5.0410375749E+00,+3.3313064685E+00
+542.8000E-06,+5.0460627005E+00,+3.3689949103E+00
+543.2000E-06,+4.9656606913E+00,+3.3438692824E+00
+543.6000E-06,+5.0410375749E+00,+3.3287939057E+00
+544.0000E-06,+4.9656606913E+00,+3.3689949103E+00
+544.4000E-06,+4.8048566729E+00,+3.3287939057E+00
+544.8000E-06,+4.2370174830E+00,+3.3689949103E+00
+545.2000E-06,+3.7294798000E+00,+3.3438692824E+00
+545.6000E-06,+3.2772184983E+00,+3.3564320963E+00
+546.0000E-06,+3.1164144799E+00,+3.3313064685E+00
+546.4000E-06,+3.1415401078E+00,+3.3438692824E+00
+546.8000E-06,+3.3827461354E+00,+3.3689949103E+00
+547.2000E-06,+3.5988265350E+00,+3.3313064685E+00
+547.6000E-06,+3.9204345718E+00,+3.3564320963E+00
+548.0000E-06,+4.1063642181E+00,+3.3438692824E+00
+548.4000E-06,+4.0812385902E+00,+3.3689949103E+00
+548.8000E-06,+4.0008365810E+00,+3.3689949103E+00
+549.2000E-06,+3.7596305534E+00,+3.3564320963E+00
+549.6000E-06,+3.4329973911E+00,+3.3313064685E+00
+550.0000E-06,+3.0611380986E+00,+3.3840702870E+00
+550.4000E-06,+2.8752084523E+00,+3.3287939057E+00
+550.8000E-06,+2.7144044340E+00,+3.3689949103E+00
+551.2000E-06,+2.7144044340E+00,+3.3689949103E+00
+551.6000E-06,+2.7395300618E+00,+3.3564320963E+00
+552.0000E-06,+2.7948064432E+00,+3.3689949103E+00
+552.4000E-06,+2.8450576989E+00,+3.3438692824E+00
+552.8000E-06,+2.8752084523E+00,+3.3689949103E+00
+553.2000E-06,+2.7948064432E+00,+3.3689949103E+00
+553.6000E-06,+2.6591280526E+00,+3.3689949103E+00
+554.0000E-06,+2.5234496621E+00,+3.4091959149E+00
+554.4000E-06,+2.3123943880E+00,+3.3689949103E+00
+554.8000E-06,+2.1515903696E+00,-7.8894757E-03
+555.2000E-06,+1.9103843421E+00,-7.8894757E-03
+555.6000E-06,+1.7495803237E+00,-7.8894757E-03
+556.0000E-06,+1.5887763053E+00,+19.7487150E-03
+556.4000E-06,+1.5083742961E+00,-7.8894757E-03
+556.8000E-06,+1.4279722869E+00,+32.3115289E-03
+557.2000E-06,+1.3475702778E+00,+7.1859010E-03
+557.6000E-06,+1.2370175151E+00,-33.0151035E-03
+558.0000E-06,+1.0259622410E+00,-7.8894757E-03
+558.4000E-06,+890.2838505E-03,-33.0151035E-03
+558.8000E-06,+704.3542042E-03,-7.8894757E-03
+559.2000E-06,+543.5501859E-03,-7.8894757E-03
+559.6000E-06,+352.5954140E-03,-7.8894757E-03
+560.0000E-06,+166.6657678E-03,-33.0151035E-03
+560.4000E-06,-19.2638785E-03,-7.8894757E-03
+560.8000E-06,-19.2638785E-03,-7.8894757E-03
+561.2000E-06,-19.2638785E-03,-20.4522896E-03
+561.6000E-06,-99.6658877E-03,-7.8894757E-03
+562.0000E-06,+30.9873773E-03,+7.1859010E-03
+562.4000E-06,-19.2638785E-03,-7.8894757E-03
+562.8000E-06,+56.1130052E-03,-7.8894757E-03
+563.2000E-06,-19.2638785E-03,-7.8894757E-03
+563.6000E-06,-19.2638785E-03,-33.0151035E-03
+564.0000E-06,-19.2638785E-03,-7.8894757E-03
+564.4000E-06,-49.4146319E-03,-33.0151035E-03
+564.8000E-06,+30.9873773E-03,-48.0904803E-03
+565.2000E-06,-19.2638785E-03,-7.8894757E-03
+565.6000E-06,-19.2638785E-03,-33.0151035E-03
+566.0000E-06,-74.5402598E-03,-7.8894757E-03
+566.4000E-06,-19.2638785E-03,-7.8894757E-03
+566.8000E-06,-235.3442782E-03,+7.1859010E-03
+567.2000E-06,-19.2638785E-03,-7.8894757E-03
+567.6000E-06,-19.2638785E-03,-45.5779175E-03
+568.0000E-06,-74.5402598E-03,-33.0151035E-03
+568.4000E-06,-19.2638785E-03,-33.0151035E-03
+568.8000E-06,-99.6658877E-03,-48.0904803E-03
+569.2000E-06,-19.2638785E-03,-7.8894757E-03
+569.6000E-06,-49.4146319E-03,-7.8894757E-03
+570.0000E-06,-19.2638785E-03,-7.8894757E-03
+570.4000E-06,-19.2638785E-03,-7.8894757E-03
+570.8000E-06,-19.2638785E-03,-48.0904803E-03
+571.2000E-06,-19.2638785E-03,-7.8894757E-03
+571.6000E-06,-49.4146319E-03,-33.0151035E-03
+572.0000E-06,-19.2638785E-03,-33.0151035E-03
+572.4000E-06,-19.2638785E-03,-7.8894757E-03
+572.8000E-06,-19.2638785E-03,-20.4522896E-03
+573.2000E-06,-19.2638785E-03,-48.0904803E-03
+573.6000E-06,-19.2638785E-03,-7.8894757E-03
+574.0000E-06,-19.2638785E-03,-20.4522896E-03
+574.4000E-06,-19.2638785E-03,-7.8894757E-03
+574.8000E-06,-19.2638785E-03,-7.8894757E-03
+575.2000E-06,-19.2638785E-03,-33.0151035E-03
+575.6000E-06,+30.9873773E-03,-7.8894757E-03
+576.0000E-06,-19.2638785E-03,-45.5779175E-03
+576.4000E-06,-19.2638785E-03,-7.8894757E-03
+576.8000E-06,-19.2638785E-03,-48.0904803E-03
+577.2000E-06,-99.6658877E-03,-45.5779175E-03
+577.6000E-06,-19.2638785E-03,-48.0904803E-03
+578.0000E-06,-19.2638785E-03,+7.1859010E-03
+578.4000E-06,-19.2638785E-03,-7.8894757E-03
+578.8000E-06,-19.2638785E-03,-20.4522896E-03
+579.2000E-06,-19.2638785E-03,-7.8894757E-03
+579.6000E-06,-19.2638785E-03,-7.8894757E-03
+580.0000E-06,+30.9873773E-03,-20.4522896E-03
+580.4000E-06,-74.5402598E-03,-7.8894757E-03
+580.8000E-06,-99.6658877E-03,-7.8894757E-03
+581.2000E-06,-49.4146319E-03,-33.0151035E-03
+581.6000E-06,-49.4146319E-03,-33.0151035E-03
+582.0000E-06,+56.1130052E-03,-7.8894757E-03
+582.4000E-06,-49.4146319E-03,-48.0904803E-03
+582.8000E-06,-19.2638785E-03,-7.8894757E-03
+583.2000E-06,-19.2638785E-03,-45.5779175E-03
+583.6000E-06,-19.2638785E-03,-48.0904803E-03
+584.0000E-06,-19.2638785E-03,-20.4522896E-03
+584.4000E-06,-24.2890040E-03,-7.8894757E-03
+584.8000E-06,-74.5402598E-03,-33.0151035E-03
+585.2000E-06,+5.8617494E-03,-7.8894757E-03
+585.6000E-06,-24.2890040E-03,-7.8894757E-03
+586.0000E-06,-19.2638785E-03,-20.4522896E-03
+586.4000E-06,-19.2638785E-03,-7.8894757E-03
+586.8000E-06,-24.2890040E-03,-7.8894757E-03
+587.2000E-06,+5.8617494E-03,-7.8894757E-03
+587.6000E-06,-19.2638785E-03,-7.8894757E-03
+588.0000E-06,-19.2638785E-03,-7.8894757E-03
+588.4000E-06,-19.2638785E-03,-33.0151035E-03
+588.8000E-06,+30.9873773E-03,-48.0904803E-03
+589.2000E-06,+56.1130052E-03,-7.8894757E-03
+589.6000E-06,-19.2638785E-03,+19.7487150E-03
+590.0000E-06,-19.2638785E-03,+19.7487150E-03
+590.4000E-06,-19.2638785E-03,-7.8894757E-03
+590.8000E-06,+5.8617494E-03,+7.1859010E-03
+591.2000E-06,+5.8617494E-03,-20.4522896E-03
+591.6000E-06,+56.1130052E-03,-45.5779175E-03
+592.0000E-06,-99.6658877E-03,-7.8894757E-03
+592.4000E-06,+30.9873773E-03,-20.4522896E-03
+592.8000E-06,-19.2638785E-03,-7.8894757E-03
+593.2000E-06,-74.5402598E-03,-20.4522896E-03
+593.6000E-06,-19.2638785E-03,-7.8894757E-03
+594.0000E-06,-19.2638785E-03,-48.0904803E-03
+594.4000E-06,-74.5402598E-03,-33.0151035E-03
+594.8000E-06,-19.2638785E-03,-33.0151035E-03
+595.2000E-06,-19.2638785E-03,-48.0904803E-03
+595.6000E-06,-49.4146319E-03,-48.0904803E-03
+596.0000E-06,+30.9873773E-03,-20.4522896E-03
+596.4000E-06,-19.2638785E-03,-45.5779175E-03
+596.8000E-06,-19.2638785E-03,-7.8894757E-03
+597.2000E-06,-74.5402598E-03,-7.8894757E-03
+597.6000E-06,-19.2638785E-03,-45.5779175E-03
+598.0000E-06,-19.2638785E-03,-7.8894757E-03
+598.4000E-06,-74.5402598E-03,-20.4522896E-03
+598.8000E-06,-19.2638785E-03,-7.8894757E-03
+599.2000E-06,-19.2638785E-03,-7.8894757E-03
+599.6000E-06,-19.2638785E-03,-33.0151035E-03
+600.0000E-06,+56.1130052E-03,-48.0904803E-03
+600.4000E-06,-19.2638785E-03,-7.8894757E-03
+600.8000E-06,-19.2638785E-03,-33.0151035E-03
+601.2000E-06,-19.2638785E-03,-7.8894757E-03
+601.6000E-06,-99.6658877E-03,-7.8894757E-03
+602.0000E-06,+5.8617494E-03,-33.0151035E-03
+602.4000E-06,-19.2638785E-03,-45.5779175E-03
+602.8000E-06,-19.2638785E-03,-20.4522896E-03
+603.2000E-06,+5.8617494E-03,-7.8894757E-03
+603.6000E-06,-19.2638785E-03,-7.8894757E-03
+604.0000E-06,+30.9873773E-03,-20.4522896E-03
+604.4000E-06,-19.2638785E-03,-7.8894757E-03
+604.8000E-06,-19.2638785E-03,+32.3115289E-03
+605.2000E-06,-19.2638785E-03,-33.0151035E-03
+605.6000E-06,+30.9873773E-03,-7.8894757E-03
+606.0000E-06,-19.2638785E-03,-45.5779175E-03
+606.4000E-06,+5.8617494E-03,-7.8894757E-03
+606.8000E-06,-49.4146319E-03,-33.0151035E-03
+607.2000E-06,-99.6658877E-03,-7.8894757E-03
+607.6000E-06,-19.2638785E-03,-7.8894757E-03
+608.0000E-06,-19.2638785E-03,+19.7487150E-03
+608.4000E-06,-24.2890040E-03,+32.3115289E-03
+608.8000E-06,-19.2638785E-03,+7.1859010E-03
+609.2000E-06,-19.2638785E-03,-7.8894757E-03
+609.6000E-06,-19.2638785E-03,-7.8894757E-03
+610.0000E-06,-74.5402598E-03,-20.4522896E-03
+610.4000E-06,-19.2638785E-03,-48.0904803E-03
+610.8000E-06,-19.2638785E-03,-7.8894757E-03
+611.2000E-06,-19.2638785E-03,-20.4522896E-03
+611.6000E-06,-19.2638785E-03,-20.4522896E-03
+612.0000E-06,-19.2638785E-03,-7.8894757E-03
+612.4000E-06,-49.4146319E-03,+7.1859010E-03
+612.8000E-06,-49.4146319E-03,-33.0151035E-03
+613.2000E-06,-19.2638785E-03,+32.3115289E-03
+613.6000E-06,-19.2638785E-03,-7.8894757E-03
+614.0000E-06,+5.8617494E-03,-48.0904803E-03
+614.4000E-06,-19.2638785E-03,-7.8894757E-03
+614.8000E-06,-19.2638785E-03,-7.8894757E-03
+615.2000E-06,-19.2638785E-03,-7.8894757E-03
+615.6000E-06,-19.2638785E-03,-7.8894757E-03
+616.0000E-06,-19.2638785E-03,-7.8894757E-03
+616.4000E-06,-19.2638785E-03,-33.0151035E-03
+616.8000E-06,-19.2638785E-03,-7.8894757E-03
+617.2000E-06,-19.2638785E-03,+7.1859010E-03
+617.6000E-06,-19.2638785E-03,-20.4522896E-03
+618.0000E-06,+56.1130052E-03,-7.8894757E-03
+618.4000E-06,-49.4146319E-03,-33.0151035E-03
+618.8000E-06,+86.2637586E-03,+7.1859010E-03
+619.2000E-06,-19.2638785E-03,+32.3115289E-03
+619.6000E-06,+5.8617494E-03,-7.8894757E-03
+620.0000E-06,+5.8617494E-03,-7.8894757E-03
+620.4000E-06,-19.2638785E-03,-7.8894757E-03
+620.8000E-06,+5.8617494E-03,-33.0151035E-03
+621.2000E-06,+5.8617494E-03,-7.8894757E-03
+621.6000E-06,-19.2638785E-03,-7.8894757E-03
+622.0000E-06,-19.2638785E-03,-33.0151035E-03
+622.4000E-06,-19.2638785E-03,-33.0151035E-03
+622.8000E-06,-19.2638785E-03,-45.5779175E-03
+623.2000E-06,-19.2638785E-03,-7.8894757E-03
+623.6000E-06,-74.5402598E-03,-20.4522896E-03
+624.0000E-06,-19.2638785E-03,-7.8894757E-03
+624.4000E-06,-19.2638785E-03,-7.8894757E-03
+624.8000E-06,-19.2638785E-03,-33.0151035E-03
+625.2000E-06,-19.2638785E-03,-7.8894757E-03
+625.6000E-06,-19.2638785E-03,-20.4522896E-03
+626.0000E-06,-19.2638785E-03,-7.8894757E-03
+626.4000E-06,+56.1130052E-03,-5.3769129E-03
+626.8000E-06,-19.2638785E-03,-33.0151035E-03
+627.2000E-06,-19.2638785E-03,-20.4522896E-03
+627.6000E-06,-99.6658877E-03,-45.5779175E-03
+628.0000E-06,+30.9873773E-03,+19.7487150E-03
+628.4000E-06,-19.2638785E-03,-20.4522896E-03
+628.8000E-06,-99.6658877E-03,-5.3769129E-03
+629.2000E-06,+5.8617494E-03,-33.0151035E-03
+629.6000E-06,+5.8617494E-03,-20.4522896E-03
+630.0000E-06,-19.2638785E-03,-45.5779175E-03
+630.4000E-06,+30.9873773E-03,-20.4522896E-03
+630.8000E-06,-19.2638785E-03,-7.8894757E-03
+631.2000E-06,-19.2638785E-03,-7.8894757E-03
+631.6000E-06,-19.2638785E-03,-33.0151035E-03
+632.0000E-06,-19.2638785E-03,+7.1859010E-03
+632.4000E-06,-19.2638785E-03,-7.8894757E-03
+632.8000E-06,-19.2638785E-03,-7.8894757E-03
+633.2000E-06,-19.2638785E-03,-7.8894757E-03
+633.6000E-06,-19.2638785E-03,-5.3769129E-03
+634.0000E-06,-19.2638785E-03,-48.0904803E-03
+634.4000E-06,+30.9873773E-03,-20.4522896E-03
+634.8000E-06,-19.2638785E-03,+32.3115289E-03
+635.2000E-06,+5.8617494E-03,-7.8894757E-03
+635.6000E-06,-19.2638785E-03,-7.8894757E-03
+636.0000E-06,-19.2638785E-03,-48.0904803E-03
+636.4000E-06,-19.2638785E-03,-7.8894757E-03
+636.8000E-06,-19.2638785E-03,-7.8894757E-03
+637.2000E-06,-19.2638785E-03,+32.3115289E-03
+637.6000E-06,-49.4146319E-03,-7.8894757E-03
+638.0000E-06,-19.2638785E-03,-7.8894757E-03
+638.4000E-06,-19.2638785E-03,+32.3115289E-03
+638.8000E-06,-19.2638785E-03,-7.8894757E-03
+639.2000E-06,-19.2638785E-03,-33.0151035E-03
+639.6000E-06,-19.2638785E-03,-7.8894757E-03
+640.0000E-06,-19.2638785E-03,-7.8894757E-03
+640.4000E-06,-19.2638785E-03,-20.4522896E-03
+640.8000E-06,-99.6658877E-03,-5.3769129E-03
+641.2000E-06,-19.2638785E-03,-7.8894757E-03
+641.6000E-06,+5.8617494E-03,-20.4522896E-03
+642.0000E-06,+56.1130052E-03,-45.5779175E-03
+642.4000E-06,-19.2638785E-03,+19.7487150E-03
+642.8000E-06,+5.8617494E-03,-33.0151035E-03
+643.2000E-06,+56.1130052E-03,-45.5779175E-03
+643.6000E-06,-19.2638785E-03,-48.0904803E-03
+644.0000E-06,-19.2638785E-03,-7.8894757E-03
+644.4000E-06,-19.2638785E-03,+32.3115289E-03
+644.8000E-06,+221.9421491E-03,-7.8894757E-03
+645.2000E-06,-19.2638785E-03,-20.4522896E-03
+645.6000E-06,-19.2638785E-03,+32.3115289E-03
+646.0000E-06,-74.5402598E-03,-7.8894757E-03
+646.4000E-06,-19.2638785E-03,-7.8894757E-03
+646.8000E-06,-19.2638785E-03,-5.3769129E-03
+647.2000E-06,-19.2638785E-03,-20.4522896E-03
+647.6000E-06,-19.2638785E-03,-7.8894757E-03
+648.0000E-06,-19.2638785E-03,+32.3115289E-03
+648.4000E-06,-19.2638785E-03,-33.0151035E-03
+648.8000E-06,+30.9873773E-03,-7.8894757E-03
+649.2000E-06,-19.2638785E-03,-7.8894757E-03
+649.6000E-06,-19.2638785E-03,+7.1859010E-03
+650.0000E-06,-19.2638785E-03,-48.0904803E-03
+650.4000E-06,-19.2638785E-03,-7.8894757E-03
+650.8000E-06,+30.9873773E-03,+19.7487150E-03
+651.2000E-06,+5.8617494E-03,+7.1859010E-03
+651.6000E-06,-19.2638785E-03,+32.3115289E-03
+652.0000E-06,+30.9873773E-03,-7.8894757E-03
+652.4000E-06,-49.4146319E-03,-7.8894757E-03
+652.8000E-06,-19.2638785E-03,-7.8894757E-03
+653.2000E-06,+30.9873773E-03,-7.8894757E-03
+653.6000E-06,+5.8617494E-03,-7.8894757E-03
+654.0000E-06,-19.2638785E-03,-7.8894757E-03
+654.4000E-06,-19.2638785E-03,-7.8894757E-03
+654.8000E-06,-19.2638785E-03,-7.8894757E-03
+655.2000E-06,+61.1381307E-03,-45.5779175E-03
+655.6000E-06,-19.2638785E-03,-33.0151035E-03
+656.0000E-06,-19.2638785E-03,-7.8894757E-03
+656.4000E-06,-19.2638785E-03,+32.3115289E-03
+656.8000E-06,+61.1381307E-03,-48.0904803E-03
+657.2000E-06,-49.4146319E-03,+7.1859010E-03
+657.6000E-06,+61.1381307E-03,-7.8894757E-03
+658.0000E-06,-19.2638785E-03,-7.8894757E-03
+658.4000E-06,-19.2638785E-03,+7.1859010E-03
+658.8000E-06,-19.2638785E-03,-7.8894757E-03
+659.2000E-06,-19.2638785E-03,+19.7487150E-03
+659.6000E-06,-19.2638785E-03,-33.0151035E-03
+660.0000E-06,-19.2638785E-03,-7.8894757E-03
+660.4000E-06,-19.2638785E-03,-20.4522896E-03
+660.8000E-06,+61.1381307E-03,-7.8894757E-03
+661.2000E-06,-19.2638785E-03,-45.5779175E-03
+661.6000E-06,-19.2638785E-03,-7.8894757E-03
+662.0000E-06,-49.4146319E-03,-7.8894757E-03
+662.4000E-06,-19.2638785E-03,+32.3115289E-03
+662.8000E-06,-19.2638785E-03,-7.8894757E-03
+663.2000E-06,+30.9873773E-03,-60.6532942E-03
+663.6000E-06,-19.2638785E-03,-7.8894757E-03
+664.0000E-06,-19.2638785E-03,-7.8894757E-03
+664.4000E-06,-19.2638785E-03,+19.7487150E-03
+664.8000E-06,-19.2638785E-03,+32.3115289E-03
+665.2000E-06,+5.8617494E-03,+19.7487150E-03
+665.6000E-06,-74.5402598E-03,-7.8894757E-03
+666.0000E-06,-99.6658877E-03,-7.8894757E-03
+666.4000E-06,+5.8617494E-03,-7.8894757E-03
+666.8000E-06,-19.2638785E-03,-7.8894757E-03
+667.2000E-06,-19.2638785E-03,-7.8894757E-03
+667.6000E-06,-19.2638785E-03,-7.8894757E-03
+668.0000E-06,-19.2638785E-03,-20.4522896E-03
+668.4000E-06,-24.2890040E-03,-7.8894757E-03
+668.8000E-06,-19.2638785E-03,-7.8894757E-03
+669.2000E-06,-19.2638785E-03,-7.8894757E-03
+669.6000E-06,-19.2638785E-03,+32.3115289E-03
+670.0000E-06,-19.2638785E-03,+19.7487150E-03
+670.4000E-06,-19.2638785E-03,-7.8894757E-03
+670.8000E-06,+216.9170235E-03,-7.8894757E-03
+671.2000E-06,-19.2638785E-03,-7.8894757E-03
+671.6000E-06,-74.5402598E-03,+7.1859010E-03
+672.0000E-06,-19.2638785E-03,-7.8894757E-03
+672.4000E-06,-19.2638785E-03,-20.4522896E-03
+672.8000E-06,-19.2638785E-03,+19.7487150E-03
+673.2000E-06,-19.2638785E-03,-7.8894757E-03
+673.6000E-06,-19.2638785E-03,-33.0151035E-03
+674.0000E-06,-19.2638785E-03,+7.1859010E-03
+674.4000E-06,-19.2638785E-03,-45.5779175E-03
+674.8000E-06,-49.4146319E-03,-7.8894757E-03
+675.2000E-06,-19.2638785E-03,-7.8894757E-03
+675.6000E-06,-19.2638785E-03,-7.8894757E-03
+676.0000E-06,+30.9873773E-03,-33.0151035E-03
+676.4000E-06,-19.2638785E-03,-20.4522896E-03
+676.8000E-06,+56.1130052E-03,-7.8894757E-03
+677.2000E-06,+30.9873773E-03,-7.8894757E-03
+677.6000E-06,-19.2638785E-03,-7.8894757E-03
+678.0000E-06,+56.1130052E-03,-7.8894757E-03
+678.4000E-06,-19.2638785E-03,-7.8894757E-03
+678.8000E-06,+30.9873773E-03,-7.8894757E-03
+679.2000E-06,-19.2638785E-03,-7.8894757E-03
+679.6000E-06,-99.6658877E-03,-7.8894757E-03
